travel_id,train_id
1,D1
2,D2
3,D3
4,D4
5,D6
6,D7
7,D9
8,D10
9,D11
10,D12
11,D13
12,D14
13,D17
14,D18
15,D19
16,D20
17,D21
18,D22
19,D23
20,D24
21,D25
22,D26
23,D27
24,D28
25,D29
26,D30
27,D31
28,D32
29,D33
30,D34
31,D35
32,D36
33,D37
34,D38
35,D39
36,D40
37,D41
38,D42
39,D43
40,D44
41,D45
42,D46
43,D48
44,D49
45,D50
46,D51
47,D52
48,D55
49,D56
50,D73
51,D74
52,D101
53,D102
54,D111
55,D112
56,D113
57,D114
58,D115
59,D116
60,D117
61,D118
62,D119
63,D120
64,D121
65,D122
66,D123
67,D124
68,D125
69,D126
70,D127
71,D128
72,D129
73,D130
74,D131
75,D132
76,D133
77,D134
78,D135
79,D136
80,D137
81,D138
82,D201
83,D202
84,D203
85,D204
86,D205
87,D206
88,D207
89,D208
90,D211
91,D212
92,D213
93,D214
94,D295
95,D296
96,D298
97,D305
98,D306
99,D307
100,D308
101,D335
102,D336
103,D351
104,D352
105,D353
106,D354
107,D361
108,D362
109,D365
110,D366
111,D367
112,D368
113,D377
114,D378
115,D381
116,D382
117,D618
118,D619
119,D623
120,D624
121,D625
122,D626
123,D629
124,D630
125,D631
126,D632
127,D633
128,D634
129,D635
130,D636
131,D637
132,D638
133,D655
134,D656
135,D657
136,D658
137,D671
138,D672
139,D673
140,D674
141,D675
142,D676
143,D678
144,D682
145,D683
146,D684
147,D685
148,D687
149,D688
150,D689
151,D690
152,D691
153,D692
154,D701
155,D702
156,D704
157,D705
158,D706
159,D709
160,D710
161,D711
162,D712
163,D715
164,D716
165,D717
166,D718
167,D751
168,D752
169,D753
170,D754
171,D761
172,D762
173,D763
174,D764
175,D951
176,D952
177,D953
178,D954
179,D955
180,D956
181,D957
182,D958
183,D959
184,D960
185,D1601
186,D1603
187,D1604
188,D1606
189,D1611
190,D1612
191,D1615
192,D1616
193,D1621
194,D1622
195,D1623
196,D1624
197,D1625
198,D1626
199,D1631
200,D1632
201,D1633
202,D1634
203,D1635
204,D1636
205,D1637
206,D1638
207,D1643
208,D1644
209,D1645
210,D1646
211,D1691
212,D1692
213,D1701
214,D1702
215,D1703
216,D1704
217,D1705
218,D1706
219,D1707
220,D1708
221,D1779
222,D1780
223,D1781
224,D1782
225,D1785
226,D1786
227,D1791
228,D1792
229,D1793
230,D1794
231,D1795
232,D1796
233,D1797
234,D1801
235,D1806
236,D1807
237,D1809
238,D1810
239,D1812
240,D1817
241,D1818
242,D1819
243,D1820
244,D1821
245,D1822
246,D1824
247,D1825
248,D1826
249,D1833
250,D1834
251,D1835
252,D1837
253,D1838
254,D1841
255,D1842
256,D1849
257,D1850
258,D1851
259,D1852
260,D1853
261,D1854
262,D1855
263,D1856
264,D1857
265,D1858
266,D1859
267,D1860
268,D1861
269,D1862
270,D1864
271,D1865
272,D1867
273,D1868
274,D1869
275,D1870
276,D1871
277,D1872
278,D1874
279,D1875
280,D1877
281,D1878
282,D1881
283,D1882
284,D1883
285,D1884
286,D1901
288,D1905
289,D1906
290,D1911
291,D1912
292,D1913
293,D1914
294,D1915
295,D1917
296,D1918
297,D1919
298,D1920
299,D1921
300,D1922
301,D1923
302,D1924
303,D1925
304,D1926
305,D1927
306,D1928
307,D1929
308,D1930
309,D1931
310,D1932
311,D1933
312,D1934
313,D1935
314,D1936
315,D1937
316,D1938
317,D1939
318,D1940
319,D1941
320,D1942
321,D1943
322,D1944
323,D1946
324,D1947
325,D1948
326,D1949
327,D1950
328,D1951
329,D1952
330,D1953
331,D1954
332,D1955
333,D1956
334,D1957
335,D1958
336,D1959
337,D1960
338,D1961
339,D1962
340,D1963
341,D1964
342,D1965
343,D1968
344,D1969
345,D1970
346,D1971
347,D1972
348,D1977
349,D1978
350,D1979
351,D1980
352,D1982
353,D1983
354,D1985
355,D1986
356,D1987
357,D1988
358,D1989
359,D1990
360,D1991
361,D1992
362,D2002
363,D2003
364,D2004
365,D2005
366,D2105
367,D2106
368,D2175
369,D2176
370,D2177
371,D2178
372,D2187
373,D2188
374,D2189
375,D2190
376,D2191
377,D2192
378,D2193
379,D2194
380,D2195
381,D2196
382,D2197
383,D2198
384,D2205
385,D2206
386,D2207
387,D2208
388,D2211
389,D2212
390,D2213
391,D2214
392,D2215
393,D2216
394,D2217
395,D2218
396,D2221
397,D2222
398,D2223
399,D2224
400,D2225
401,D2226
402,D2227
403,D2228
404,D2231
405,D2232
406,D2233
407,D2234
408,D2235
409,D2236
410,D2237
411,D2238
412,D2241
413,D2242
414,D2243
415,D2244
416,D2245
417,D2246
418,D2247
419,D2248
420,D2251
421,D2252
422,D2253
423,D2254
424,D2255
425,D2256
426,D2259
427,D2260
428,D2261
429,D2262
430,D2263
431,D2264
432,D2265
433,D2266
434,D2267
435,D2268
436,D2269
437,D2270
438,D2271
439,D2272
440,D2275
441,D2276
442,D2277
443,D2278
444,D2281
447,D2284
450,D2287
451,D2288
452,D2293
453,D2294
454,D2297
455,D2298
457,D2302
458,D2303
459,D2304
460,D2305
461,D2306
462,D2307
463,D2308
464,D2309
465,D2310
466,D2311
467,D2312
468,D2313
469,D2314
470,D2315
471,D2316
472,D2317
473,D2318
474,D2319
475,D2320
477,D2322
478,D2323
479,D2324
480,D2325
481,D2326
482,D2327
483,D2328
484,D2329
485,D2330
486,D2331
487,D2332
488,D2333
489,D2334
490,D2335
491,D2336
492,D2339
493,D2340
494,D2341
495,D2342
496,D2345
497,D2346
498,D2349
499,D2350
500,D2351
501,D2352
502,D2353
503,D2354
504,D2355
505,D2356
506,D2357
507,D2358
508,D2359
509,D2360
510,D2361
511,D2362
512,D2363
513,D2364
514,D2367
515,D2368
516,D2373
517,D2374
518,D2375
519,D2376
520,D2377
521,D2378
522,D2381
523,D2382
524,D2383
525,D2384
526,D2501
527,D2502
528,D2504
529,D2505
530,D2506
531,D2507
532,D2508
533,D2510
534,D2511
535,D2512
536,D2513
537,D2515
538,D2516
539,D2517
540,D2518
541,D2519
542,D2520
543,D2521
544,D2524
545,D2525
546,D2527
547,D2528
548,D2529
549,D2530
550,D2531
551,D2533
552,D2534
553,D2537
554,D2538
555,D2540
556,D2541
557,D2561
558,D2562
559,D2563
560,D2564
561,D2565
562,D2566
563,D2567
564,D2568
565,D2569
566,D2571
567,D2572
568,D2651
569,D2652
570,D2653
571,D2654
572,D2655
573,D2656
574,D2657
575,D2659
576,D2660
577,D2661
578,D2662
579,D2663
580,D2664
581,D2665
582,D2666
583,D2667
584,D2668
585,D2670
586,D2671
587,D2672
588,D2673
589,D2674
590,D2675
591,D2676
592,D2677
593,D2678
594,D2679
595,D2680
596,D2681
597,D2682
598,D2683
599,D2684
600,D2685
601,D2687
602,D2688
603,D2689
604,D2690
605,D2692
606,D2693
607,D2695
608,D2697
609,D2699
610,D2701
612,D2706
613,D2708
614,D2711
615,D2712
616,D2741
617,D2742
618,D2743
619,D2746
620,D2749
621,D2750
622,D2751
623,D2752
624,D2754
625,D2757
626,D2803
627,D2804
628,D2806
629,D2807
630,D2809
631,D2811
632,D2812
633,D2815
634,D2818
635,D2823
636,D2825
637,D2830
638,D2831
639,D2834
640,D2837
641,D2838
642,D2840
643,D2841
644,D2842
645,D2844
646,D2877
647,D2878
648,D2879
649,D2880
650,D2943
651,D2944
652,D2945
653,D2946
654,D2947
655,D2948
656,D2949
657,D2950
658,D2951
659,D2952
660,D2953
661,D2954
662,D2955
663,D2956
664,D2957
665,D2958
666,D2959
667,D2960
668,D2961
669,D2962
670,D2963
671,D2965
673,D2969
674,D2970
675,D2972
676,D2975
677,D2976
678,D2979
679,D2980
680,D2982
681,D2984
682,D2985
683,D2986
684,D2987
685,D2991
686,D2992
687,D2993
688,D2994
689,D2995
690,D2996
691,D2997
692,D2998
693,D3001
694,D3002
695,D3003
696,D3004
697,D3005
698,D3006
699,D3007
700,D3008
701,D3009
702,D3010
703,D3011
704,D3012
705,D3013
706,D3014
707,D3015
708,D3016
709,D3021
710,D3022
711,D3023
712,D3024
713,D3025
714,D3026
715,D3027
716,D3028
717,D3031
718,D3032
719,D3033
720,D3034
721,D3041
722,D3042
723,D3043
724,D3044
725,D3045
726,D3046
727,D3047
728,D3048
729,D3055
730,D3056
731,D3057
732,D3058
733,D3059
734,D3060
735,D3061
736,D3062
737,D3063
738,D3064
739,D3065
740,D3066
741,D3067
742,D3068
743,D3069
744,D3070
745,D3071
746,D3072
747,D3073
748,D3074
749,D3081
750,D3082
751,D3083
752,D3084
753,D3089
754,D3090
755,D3091
756,D3092
757,D3101
758,D3102
760,D3104
761,D3107
763,D3109
764,D3110
765,D3111
766,D3112
767,D3125
768,D3126
769,D3131
770,D3132
771,D3133
772,D3134
773,D3135
774,D3136
775,D3137
776,D3138
777,D3141
778,D3142
779,D3143
780,D3144
781,D3145
782,D3146
783,D3147
784,D3148
785,D3151
786,D3152
787,D3153
788,D3154
789,D3155
790,D3156
791,D3157
792,D3158
793,D3165
794,D3166
795,D3167
796,D3168
797,D3169
798,D3170
799,D3171
800,D3172
801,D3201
802,D3202
803,D3205
804,D3206
805,D3211
806,D3212
807,D3213
808,D3214
809,D3215
810,D3216
811,D3217
812,D3218
813,D3219
814,D3220
815,D3222
816,D3223
817,D3226
818,D3227
819,D3229
820,D3230
821,D3231
822,D3232
823,D3233
824,D3234
825,D3235
826,D3236
827,D3237
828,D3238
829,D3239
830,D3240
831,D3261
832,D3262
833,D3263
834,D3264
835,D3265
836,D3266
837,D3271
838,D3272
839,D3273
840,D3274
841,D3275
842,D3276
843,D3277
844,D3278
845,D3281
846,D3282
847,D3283
848,D3284
849,D3285
850,D3286
851,D3287
852,D3288
853,D3289
854,D3290
855,D3291
856,D3292
857,D3293
858,D3294
859,D3295
860,D3296
861,D3297
862,D3298
863,D3301
864,D3302
865,D3303
866,D3304
867,D3305
868,D3306
869,D3307
870,D3308
871,D3323
872,D3324
873,D3332
874,D3333
875,D3334
876,D3335
877,D3336
878,D3337
879,D3338
880,D3339
881,D3340
882,D3395
883,D3396
884,D3397
885,D3398
886,D3561
887,D3563
888,D3564
889,D3567
890,D3568
891,D3570
892,D3571
893,D3572
894,D3601
895,D3602
896,D3603
897,D3604
898,D3605
899,D3606
900,D3607
901,D3608
902,D3609
903,D3610
904,D3611
905,D3612
906,D3613
907,D3614
908,D3616
909,D3618
910,D3619
911,D3620
912,D3621
913,D3623
914,D3624
915,D3625
916,D3627
917,D3628
918,D3629
919,D3630
920,D3631
921,D3632
922,D3633
923,D3634
924,D3635
925,D3636
926,D3638
927,D3639
928,D3640
929,D3641
930,D3642
931,D3643
932,D3644
933,D3645
934,D3677
935,D3678
936,D3679
937,D3680
938,D3701
939,D3702
940,D3703
941,D3704
942,D3705
943,D3706
944,D3707
945,D3708
946,D3709
947,D3710
948,D3711
949,D3712
950,D3713
951,D3714
952,D3715
953,D3716
954,D3717
955,D3718
956,D3719
957,D3720
958,D3721
959,D3722
960,D3723
961,D3724
962,D3725
963,D3726
964,D3727
965,D3728
966,D3729
967,D3730
968,D3731
969,D3732
970,D3733
971,D3734
972,D3735
973,D3736
974,D3737
975,D3740
976,D3742
977,D3743
978,D3751
979,D3752
980,D3753
981,D3754
982,D3755
983,D3756
984,D3757
985,D3758
986,D3759
987,D3760
988,D3761
989,D3762
990,D3763
991,D3764
992,D3781
993,D3782
994,D3783
995,D3784
996,D3785
997,D3786
998,D3787
999,D3788
1000,D3789
1001,D3790
1002,D3791
1003,D3792
1004,D3793
1005,D3796
1006,D3801
1007,D3802
1008,D3803
1009,D3804
1010,D3806
1011,D3807
1012,D3809
1013,D3810
1014,D3811
1015,D3812
1016,D3813
1017,D3814
1018,D3815
1019,D3816
1020,D3817
1021,D3818
1022,D3819
1023,D3820
1024,D3821
1025,D3822
1026,D3823
1027,D3824
1028,D3825
1029,D3826
1030,D3827
1031,D3828
1032,D3829
1033,D3830
1034,D3831
1035,D3832
1036,D3837
1037,D3838
1038,D3839
1039,D3840
1040,D3841
1041,D3842
1042,D3843
1043,D3844
1044,D3845
1045,D3846
1046,D3847
1047,D3848
1048,D3849
1049,D3850
1050,D3851
1051,D3852
1052,D3853
1053,D3856
1054,D3857
1055,D3858
1056,D3859
1057,D3860
1058,D3862
1059,D3863
1060,D3902
1061,D3903
1062,D3904
1063,D3905
1064,D3906
1065,D3907
1066,D3910
1067,D3921
1068,D3922
1069,D3923
1070,D3924
1071,D3925
1072,D3926
1073,D3927
1074,D3928
1075,D3931
1076,D3932
1077,D3933
1078,D3934
1079,D3935
1080,D3936
1081,D3937
1082,D3938
1083,D3943
1084,D3944
1085,D3945
1086,D3946
1087,D3947
1088,D3948
1089,D3949
1090,D3950
1091,D3951
1092,D3952
1093,D3953
1094,D3954
1095,D3956
1096,D3957
1097,D3958
1098,D3960
1099,D3961
1100,D3962
1101,D4061
1102,D4063
1103,D5081
1104,D5082
1105,D5083
1106,D5086
1107,D5087
1108,D5092
1109,D5102
1110,D5103
1111,D5104
1112,D5105
1113,D5113
1114,D5114
1115,D5115
1116,D5116
1117,D5117
1118,D5118
1119,D5121
1120,D5122
1121,D5123
1122,D5124
1123,D5125
1124,D5126
1125,D5127
1126,D5128
1127,D5134
1128,D5135
1129,D5137
1130,D5138
1131,D5139
1132,D5140
1133,D5141
1134,D5142
1135,D5143
1136,D5144
1137,D5145
1138,D5146
1139,D5147
1140,D5148
1141,D5150
1142,D5151
1143,D5152
1144,D5153
1145,D5154
1146,D5156
1147,D5158
1148,D5159
1149,D5160
1150,D5161
1151,D5162
1152,D5171
1153,D5172
1154,D5173
1155,D5174
1156,D5175
1157,D5176
1158,D5177
1159,D5178
1160,D5179
1161,D5180
1162,D5181
1163,D5182
1164,D5184
1165,D5185
1166,D5187
1167,D5188
1168,D5190
1169,D5191
1170,D5192
1171,D5193
1172,D5194
1173,D5195
1174,D5196
1175,D5197
1176,D5199
1177,D5206
1178,D5207
1179,D5211
1180,D5212
1181,D5213
1182,D5214
1183,D5215
1184,D5218
1185,D5221
1186,D5222
1187,D5223
1188,D5224
1189,D5225
1190,D5226
1191,D5227
1192,D5228
1193,D5233
1194,D5234
1195,D5235
1196,D5241
1197,D5242
1198,D5243
1199,D5244
1200,D5246
1201,D5250
1202,D5251
1203,D5252
1204,D5253
1205,D5254
1206,D5271
1207,D5272
1208,D5273
1209,D5274
1210,D5276
1211,D5277
1212,D5282
1213,D5283
1214,D5291
1215,D5294
1216,D5303
1217,D5305
1218,D5306
1219,D5307
1220,D5308
1221,D5312
1222,D5314
1223,D5317
1224,D5318
1225,D5319
1226,D5320
1227,D5321
1228,D5322
1229,D5323
1230,D5324
1231,D5325
1232,D5326
1233,D5327
1234,D5328
1235,D5329
1236,D5330
1237,D5331
1238,D5332
1239,D5333
1240,D5334
1241,D5335
1242,D5336
1243,D5337
1244,D5342
1245,D5343
1246,D5347
1247,D5348
1248,D5351
1249,D5352
1250,D5355
1251,D5356
1252,D5381
1253,D5382
1254,D5383
1255,D5384
1256,D5385
1257,D5386
1258,D5387
1259,D5388
1260,D5495
1261,D5497
1262,D5499
1263,D5500
1264,D5501
1265,D5502
1266,D5503
1267,D5504
1268,D5505
1269,D5506
1270,D5507
1271,D5508
1272,D5511
1273,D5512
1274,D5513
1275,D5514
1276,D5516
1277,D5517
1278,D5518
1279,D5522
1280,D5523
1281,D5524
1282,D5526
1283,D5527
1284,D5528
1285,D5531
1286,D5532
1287,D5533
1288,D5534
1289,D5535
1290,D5536
1291,D5537
1292,D5538
1293,D5541
1294,D5542
1295,D5543
1296,D5544
1297,D5545
1298,D5546
1299,D5547
1300,D5548
1301,D5549
1302,D5550
1303,D5551
1304,D5552
1305,D5562
1306,D5563
1307,D5564
1308,D5577
1309,D5578
1310,D5579
1311,D5580
1312,D5581
1313,D5582
1314,D5585
1315,D5586
1316,D5587
1317,D5588
1318,D5589
1319,D5590
1320,D5595
1321,D5596
1322,D5597
1324,D5601
1325,D5602
1326,D5603
1327,D5604
1328,D5605
1329,D5606
1330,D5607
1331,D5608
1332,D5609
1333,D5610
1334,D5622
1335,D5641
1336,D5642
1337,D5644
1338,D5646
1339,D5651
1340,D5652
1341,D5653
1342,D5654
1343,D5655
1344,D5656
1345,D5657
1346,D5658
1347,D5659
1348,D5660
1349,D5661
1350,D5662
1351,D5663
1352,D5664
1353,D5665
1354,D5666
1355,D5752
1356,D5753
1357,D5756
1358,D5757
1359,D5760
1360,D5761
1361,D5763
1362,D5764
1363,D5765
1364,D5766
1365,D5767
1366,D5768
1367,D5769
1368,D5770
1369,D5801
1370,D5802
1371,D5803
1372,D5804
1373,D5805
1374,D5806
1375,D5807
1376,D5808
1377,D5809
1378,D5810
1379,D5811
1380,D5812
1381,D5814
1382,D5815
1383,D5817
1384,D5820
1385,D5821
1386,D5822
1387,D5823
1388,D5824
1389,D5825
1390,D5828
1391,D5861
1392,D5862
1393,D5863
1394,D5864
1395,D5866
1396,D5867
1397,D5881
1398,D5882
1399,D5883
1400,D5884
1401,D5941
1402,D5942
1403,D5943
1404,D5945
1405,D5946
1406,D5947
1407,D5948
1408,D5949
1409,D5950
1410,D5951
1411,D5952
1412,D5953
1413,D5954
1414,D5957
1415,D5958
1416,D5961
1417,D5962
1418,D5965
1419,D5966
1420,D5968
1421,D5970
1422,D5991
1423,D5992
1424,D5993
1425,D5994
1426,D6003
1427,D6004
1428,D6007
1429,D6011
1430,D6012
1432,D6016
1433,D6017
1435,D6019
1436,D6020
1437,D6022
1438,D6023
1439,D6024
1440,D6025
1441,D6026
1442,D6028
1443,D6035
1444,D6051
1445,D6053
1446,D6066
1447,D6078
1448,D6079
1449,D6080
1450,D6101
1451,D6102
1452,D6103
1453,D6104
1454,D6105
1455,D6106
1456,D6111
1457,D6113
1458,D6114
1459,D6115
1460,D6116
1461,D6117
1462,D6118
1463,D6131
1464,D6132
1465,D6133
1466,D6134
1467,D6141
1468,D6142
1469,D6151
1470,D6152
1471,D6153
1472,D6154
1473,D6155
1474,D6156
1475,D6157
1476,D6158
1477,D6159
1478,D6160
1479,D6161
1480,D6162
1481,D6163
1482,D6164
1483,D6165
1484,D6166
1485,D6167
1486,D6168
1487,D6181
1488,D6185
1489,D6186
1490,D6187
1491,D6188
1492,D6192
1493,D6201
1494,D6204
1495,D6206
1496,D6207
1497,D6208
1498,D6210
1499,D6212
1500,D6213
1501,D6214
1502,D6216
1503,D6217
1504,D6218
1505,D6219
1506,D6220
1507,D6221
1508,D6223
1509,D6224
1510,D6225
1511,D6226
1512,D6227
1513,D6228
1514,D6229
1515,D6231
1516,D6233
1517,D6237
1518,D6238
1519,D6241
1520,D6242
1521,D6251
1522,D6254
1523,D6255
1524,D6256
1525,D6257
1526,D6258
1527,D6259
1528,D6260
1529,D6261
1530,D6262
1531,D6263
1532,D6264
1533,D6265
1536,D6268
1537,D6271
1538,D6272
1539,D6273
1540,D6274
1541,D6312
1542,D6313
1543,D6315
1544,D6318
1545,D6321
1546,D6322
1547,D6323
1548,D6324
1549,D6329
1550,D6330
1551,D6332
1552,D6333
1553,D6335
1554,D6336
1555,D6339
1556,D6340
1557,D6341
1558,D6342
1559,D6343
1560,D6344
1561,D6345
1562,D6348
1563,D6349
1564,D6352
1565,D6353
1566,D6360
1567,D6374
1568,D6381
1569,D6382
1570,D6383
1571,D6384
1572,D6405
1573,D6407
1574,D6408
1575,D6409
1576,D6410
1577,D6412
1578,D6415
1579,D6417
1580,D6418
1581,D6419
1582,D6420
1583,D6422
1584,D6425
1585,D6426
1586,D6427
1587,D6428
1588,D6434
1589,D6435
1590,D6436
1591,D6437
1592,D6438
1593,D6439
1594,D6440
1595,D6441
1596,D6442
1597,D6443
1598,D6444
1599,D6445
1600,D6448
1601,D6449
1602,D6471
1603,D6472
1604,D6473
1605,D6474
1606,D6475
1607,D6476
1608,D6501
1609,D6502
1610,D6503
1611,D6505
1612,D6506
1613,D6507
1614,D6508
1615,D6509
1616,D6510
1617,D6511
1618,D6512
1619,D6513
1620,D6514
1621,D6521
1622,D6522
1623,D6523
1624,D6524
1625,D6525
1626,D6526
1627,D6527
1628,D6528
1629,D6529
1630,D6530
1631,D6531
1632,D6532
1633,D6533
1634,D6534
1635,D6542
1636,D6543
1637,D6544
1638,D6548
1639,D6561
1640,D6562
1641,D6571
1642,D6572
1643,D6573
1644,D6574
1645,D6575
1646,D6576
1647,D6577
1648,D6578
1649,D6579
1650,D6580
1651,D6581
1652,D6582
1653,D6583
1654,D6584
1655,D6591
1656,D6592
1657,D6593
1658,D6594
1659,D6595
1660,D6596
1661,D6597
1662,D6598
1663,D6635
1664,D6636
1665,D6655
1666,D6656
1667,D6657
1668,D6658
1669,D6671
1670,D6674
1671,D6677
1672,D6678
1673,D6731
1674,D6732
1675,D6733
1676,D6734
1677,D6735
1678,D6736
1679,D6737
1680,D6738
1681,D6739
1682,D6740
1683,D6751
1684,D6752
1685,D6753
1686,D6754
1687,D6755
1688,D6756
1689,D6757
1690,D6758
1691,D6759
1692,D6760
1693,D6761
1694,D6762
1695,D6763
1696,D6764
1697,D6765
1698,D6766
1699,D6767
1700,D6768
1701,D6769
1702,D6770
1703,D6771
1704,D6772
1705,D6773
1706,D6774
1707,D6775
1708,D6776
1709,D6777
1710,D6778
1711,D6779
1712,D6780
1713,D6801
1714,D6802
1715,D6809
1716,D6812
1717,D6817
1718,D6818
1719,D6821
1720,D6822
1721,D6839
1722,D6840
1723,D6851
1724,D6852
1725,D6853
1726,D6854
1727,D6855
1728,D6856
1729,D6857
1730,D6858
1731,D6859
1732,D6860
1733,D6861
1734,D6862
1735,D6863
1736,D6864
1737,D6865
1738,D6866
1739,D6867
1740,D6868
1741,D6869
1742,D6870
1743,D6871
1744,D6872
1745,D6873
1746,D6874
1747,D6901
1748,D6902
1749,D6903
1750,D6904
1751,D6905
1752,D6906
1753,D6907
1754,D6908
1755,D6909
1756,D6910
1757,D6911
1758,D6912
1759,D6913
1760,D6914
1761,D6915
1762,D6916
1763,D6917
1764,D6918
1765,D6919
1766,D6920
1767,D6921
1768,D6922
1769,D6923
1770,D6924
1771,D6925
1772,D6926
1773,D6927
1774,D6929
1775,D6930
1776,D6931
1777,D6932
1778,D6933
1779,D6934
1780,D6936
1781,D6961
1782,D6962
1783,D6963
1784,D6964
1785,D6965
1786,D6966
1787,D6967
1788,D6968
1789,D7003
1790,D7005
1791,D7007
1792,D7008
1793,D7009
1794,D7010
1795,D7031
1796,D7032
1797,D7033
1798,D7101
1799,D7102
1800,D7103
1801,D7104
1802,D7105
1803,D7106
1804,D7107
1805,D7108
1806,D7109
1807,D7110
1808,D7111
1809,D7112
1810,D7113
1811,D7114
1812,D7115
1813,D7116
1814,D7119
1815,D7120
1816,D7121
1817,D7122
1818,D7123
1819,D7124
1822,D7132
1823,D7133
1824,D7134
1825,D7135
1826,D7136
1827,D7137
1828,D7138
1829,D7139
1830,D7140
1831,D7151
1832,D7152
1833,D7153
1834,D7154
1835,D7155
1836,D7156
1837,D7157
1838,D7158
1839,D7159
1840,D7160
1841,D7161
1842,D7162
1843,D7163
1844,D7164
1845,D7165
1846,D7165
1847,D7166
1848,D7166
1849,D7167
1850,D7168
1851,D7171
1852,D7171
1853,D7172
1854,D7172
1855,D7185
1856,D7186
1857,D7187
1858,D7188
1859,D7189
1860,D7190
1861,D7191
1862,D7193
1863,D7194
1864,D7195
1865,D7196
1870,D7205
1871,D7206
1872,D7301
1873,D7303
1874,D7304
1875,D7305
1876,D7306
1877,D7308
1878,D7310
1879,D7311
1880,D7312
1881,D7313
1882,D7314
1883,D7315
1884,D7316
1886,D7319
1887,D7322
1888,D7324
1889,D7325
1890,D7326
1891,D7327
1892,D7328
1893,D7329
1894,D7330
1895,D7331
1896,D7332
1897,D7333
1898,D7335
1899,D7337
1900,D7338
1901,D7339
1902,D7340
1903,D7341
1904,D7342
1905,D7343
1906,D7344
1907,D7345
1908,D7346
1909,D7347
1910,D7348
1911,D7349
1912,D7352
1913,D7354
1914,D7401
1915,D7402
1916,D7403
1917,D7404
1918,D7405
1919,D7407
1920,D7408
1921,D7409
1922,D7410
1923,D7411
1924,D7413
1925,D7414
1926,D7415
1927,D7416
1928,D7417
1929,D7418
1930,D7419
1931,D7420
1932,D7421
1933,D7422
1934,D7423
1935,D7424
1936,D7425
1937,D7427
1938,D7428
1939,D7429
1940,D7430
1941,D7431
1942,D7432
1943,D7433
1944,D7435
1945,D7436
1946,D7437
1947,D7439
1948,D7440
1949,D7441
1950,D7443
1951,D7444
1952,D7445
1953,D7447
1954,D7448
1955,D7451
1956,D7453
1957,D7454
1958,D7456
1959,D7459
1960,D7460
1961,D7461
1962,D7462
1963,D7464
1964,D7467
1965,D7469
1966,D7470
1967,D7472
1968,D7473
1969,D7475
1970,D7477
1971,D7478
1972,D7480
1973,D7483
1974,D7484
1975,D7486
1976,D7487
1977,D7488
1978,D7489
1979,D7490
1980,D7491
1981,D7492
1982,D7493
1983,D7494
1984,D7495
1985,D7496
1986,D7497
1987,D7498
1988,D7499
1989,D7500
1990,D7501
1991,D7502
1992,D7503
1993,D7504
1994,D7505
1995,D7506
1996,D7507
1997,D7508
1998,D7509
1999,D7510
2000,D7511
2001,D7512
2002,D7513
2003,D7514
2004,D7515
2005,D7516
2006,D7517
2007,D7518
2008,D7519
2009,D7520
2010,D7521
2011,D7522
2012,D7523
2013,D7524
2014,D7525
2015,D7526
2016,D7527
2017,D7528
2018,D7529
2019,D7530
2020,D7531
2021,D7532
2022,D7533
2023,D7534
2024,D7535
2025,D7536
2026,D7537
2027,D7538
2028,D7539
2029,D7540
2030,D7542
2031,D7543
2032,D7545
2033,D7548
2034,D7551
2035,D7553
2036,D7554
2037,D7556
2038,D7557
2039,D7558
2040,D7561
2041,D7562
2042,D7563
2043,D7564
2044,D7565
2045,D7566
2046,D7567
2047,D7568
2048,D7569
2049,D7570
2050,D7571
2051,D7572
2052,D7573
2053,D7574
2054,D7575
2055,D7576
2056,D7601
2057,D7603
2058,D7604
2059,D7606
2060,D7607
2061,D7610
2062,D7611
2063,D7613
2064,D7614
2065,D7615
2066,D7616
2067,D7619
2068,D7620
2069,D7623
2070,D7624
2071,D7625
2072,D7629
2073,D7633
2074,D7635
2075,D7636
2076,D7638
2077,D7640
2078,D7641
2079,D7642
2080,D7664
2081,D7665
2082,D7666
2083,D7671
2084,D7672
2085,D7690
2086,D7711
2087,D7712
2088,D7713
2089,D7714
2090,D7715
2091,D7716
2092,D7717
2093,D7718
2094,D7719
2095,D7720
2096,D7723
2097,D7724
2098,D7731
2099,D7732
2100,D7733
2101,D7734
2102,D7736
2103,D7737
2104,D7740
2105,D7741
2106,D7742
2107,D7743
2108,D7746
2109,D7747
2110,D7748
2111,D7749
2112,D7750
2113,D7751
2114,D7753
2115,D7754
2116,D7755
2117,D7756
2118,D7757
2119,D7758
2120,D7801
2121,D7802
2122,D7803
2123,D7804
2124,D7805
2125,D7806
2126,D7807
2127,D7808
2128,D7809
2129,D7810
2130,D7811
2131,D7812
2132,D7813
2133,D7814
2134,D7815
2135,D7816
2136,D7817
2137,D7818
2138,D7819
2139,D7820
2140,D7821
2141,D7822
2142,D7823
2143,D7824
2144,D7825
2145,D7826
2146,D7827
2147,D7828
2148,D7829
2149,D7830
2150,D7831
2151,D7832
2152,D7834
2153,D7901
2154,D7902
2155,D7903
2156,D7904
2157,D7905
2158,D7906
2159,D7907
2160,D7908
2161,D7961
2162,D7962
2163,D7963
2164,D7964
2165,D8075
2166,D8076
2167,D8131
2168,D8132
2169,D8133
2170,D8134
2171,D8181
2172,D8182
2173,D8183
2174,D8184
2175,D8186
2176,D8201
2177,D8202
2178,D8203
2179,D8204
2180,D8205
2181,D8206
2182,D8207
2183,D8208
2184,D8210
2185,D8212
2186,D8251
2187,D8253
2188,D8255
2189,D8257
2190,D8259
2191,D8262
2192,D8263
2193,D8265
2194,D8266
2195,D8267
2196,D8268
2197,D8269
2198,D8270
2199,D8271
2200,D8272
2201,D8277
2202,D8280
2203,D8301
2204,D8302
2205,D8303
2206,D8304
2207,D8305
2208,D8306
2209,D8308
2210,D8309
2211,D8310
2212,D8311
2213,D8312
2214,D8313
2215,D8314
2216,D8315
2217,D8316
2218,D8341
2219,D8342
2220,D8343
2221,D8344
2222,D8345
2223,D8346
2224,D8347
2225,D8348
2226,D8349
2227,D8350
2228,D8351
2229,D8352
2230,D8354
2231,D8361
2232,D8362
2233,D8363
2234,D8364
2235,D8365
2236,D8366
2237,D8368
2238,D8380
2239,D8381
2240,D8382
2241,D8383
2242,D8384
2243,D8386
2244,D8387
2245,D8388
2246,D8389
2247,D8390
2248,D8391
2249,D8392
2250,D8393
2251,D8394
2252,D8395
2253,D8398
2254,D8399
2255,D8401
2256,D8402
2257,D8403
2258,D8405
2259,D8406
2260,D8408
2261,D8409
2262,D8410
2263,D8411
2264,D8412
2265,D8414
2266,D8416
2267,D8420
2268,D8431
2269,D8432
2270,D8433
2271,D8434
2272,D8451
2273,D8452
2274,D8453
2275,D8454
2276,D8461
2277,D8462
2278,D8463
2279,D8464
2280,D8466
2281,D8481
2282,D8483
2283,D8484
2284,D8486
2285,D8491
2286,D8492
2287,D8493
2288,D8494
2289,D8495
2290,D8501
2291,D8502
2292,D8503
2293,D8504
2294,D8505
2295,D8506
2296,D8507
2297,D8508
2298,D8509
2299,D8510
2300,D8511
2301,D8512
2302,D8513
2303,D8514
2304,D8515
2305,D8516
2306,D8517
2307,D8518
2308,D8519
2309,D8520
2310,D8521
2311,D8522
2312,D8523
2313,D8524
2314,D8525
2315,D8526
2316,D8554
2317,D8555
2318,D8557
2319,D8558
2320,D8559
2321,D8560
2322,D8561
2323,D8581
2324,D8582
2325,D8583
2326,D8584
2327,D8585
2328,D8586
2329,D8588
2330,D8601
2331,D8602
2332,D8607
2333,D8636
2334,D8637
2335,D8641
2336,D8642
2337,D8645
2338,D8646
2339,D8649
2340,D8650
2341,D8651
2342,D8652
2343,D8653
2344,D8654
2345,D8655
2346,D8656
2347,D8657
2348,D8658
2349,D8659
2350,D8661
2351,D8662
2352,D8664
2353,D8665
2354,D8666
2355,D8668
2356,D8669
2357,D8671
2358,D8672
2359,D8673
2360,D8674
2361,D8675
2362,D8676
2363,D8677
2364,D8678
2365,D8679
2366,D8682
2367,D8683
2368,D8684
2369,D8685
2370,D8686
2371,D8687
2372,D8688
2373,D8689
2374,D8690
2375,D8691
2376,D8692
2377,D8693
2378,D8694
2379,D8696
2380,D8697
2381,D8698
2382,D8701
2383,D8702
2384,D8703
2385,D8704
2386,D8705
2387,D8706
2388,D8707
2389,D8708
2390,D8709
2391,D8710
2392,D8711
2393,D8712
2394,D8713
2395,D8714
2396,D8715
2397,D8716
2398,D8718
2399,D8719
2400,D8724
2401,D8726
2402,D8727
2403,D8728
2404,D8729
2405,D8732
2406,D8734
2407,D8735
2408,D8736
2409,D8738
2410,D8739
2411,D8740
2412,D8742
2413,D8743
2414,D8748
2415,D8772
2416,D8773
2417,D8774
2418,D8776
2419,D8777
2420,D8778
2421,D8780
2422,D8781
2423,D8782
2424,D8784
2425,D8785
2426,D8788
2427,D8789
2428,D8790
2429,D8794
2430,D8801
2431,D8802
2432,D8803
2433,D8804
2434,D8805
2435,D8806
2436,D8807
2437,D8808
2438,D8809
2439,D8810
2440,D8811
2441,D8812
2442,D8813
2443,D8814
2444,D8815
2445,D8816
2446,D8817
2447,D8851
2448,D8852
2449,D8861
2450,D8862
2451,D8865
2452,D8866
2453,D8867
2454,D8868
2455,D8869
2456,D8870
2457,D8881
2458,D8882
2459,D8883
2460,D8884
2461,D8901
2462,D8902
2463,D8903
2464,D8904
2465,D8905
2466,D8906
2467,D8911
2468,D8912
2469,D8913
2470,D8914
2471,D8915
2472,D8916
2473,D8917
2474,D8918
2475,D8919
2476,D8920
2477,D8921
2478,D8922
2479,D8923
2480,D8924
2481,D8931
2482,D8933
2483,D8935
2484,D8938
2485,D9342
2486,D9343
2487,D9690
2488,D9691
2489,D9692
2490,D9693
2491,D9695
2492,D9697
2493,D9698
2494,T7
2495,T8
2496,T9
2497,T10
2498,T17
2499,T18
2500,T25
2501,T26
2502,T39
2503,T40
2504,T41
2505,T42
2506,T47
2507,T48
2508,T49
2509,T50
2510,T55
2511,T56
2512,T57
2513,T58
2514,T63
2515,T64
2516,T77
2517,T78
2518,T79
2519,T80
2520,T81
2521,T82
2522,T95
2523,T96
2524,T101
2525,T102
2526,T109
2527,T110
2528,T111
2529,T112
2530,T113
2531,T114
2532,T115
2533,T116
2534,T117
2535,T118
2536,T121
2537,T122
2538,T123
2539,T124
2540,T125
2541,T126
2542,T127
2543,T128
2544,T129
2545,T130
2546,T131
2547,T132
2548,T133
2549,T134
2550,T135
2551,T136
2552,T145
2553,T146
2554,T147
2555,T148
2556,T151
2557,T152
2558,T153
2559,T154
2560,T155
2561,T156
2562,T157
2563,T158
2564,T167
2565,T168
2566,T169
2567,T170
2568,T171
2569,T172
2570,T175
2571,T176
2572,T179
2573,T180
2574,T181
2575,T182
2576,T183
2577,T184
2578,T197
2579,T198
2580,T203
2581,T204
2582,T205
2583,T206
2584,T211
2585,T212
2586,T215
2587,T216
2588,T217
2589,T219
2590,T220
2591,T221
2592,T222
2593,T231
2594,T232
2595,T235
2596,T236
2597,T237
2598,T238
2599,T241
2600,T242
2601,T243
2602,T244
2603,T245
2604,T246
2605,T247
2606,T248
2607,T251
2608,T252
2609,T253
2610,T254
2611,T261
2612,T262
2613,T281
2614,T282
2615,T283
2616,T284
2617,T287
2618,T288
2619,T289
2620,T290
2621,T295
2622,T296
2623,T297
2624,T298
2625,T301
2626,T302
2627,T303
2628,T304
2629,T305
2630,T306
2631,T307
2632,T308
2633,T325
2634,T326
2635,T327
2636,T328
2637,T367
2638,T368
2639,T369
2640,T370
2641,T381
2642,T382
2643,T390
2644,T395
2645,T396
2646,T397
2647,T398
2652,T5101
2653,T5315
2654,T5316
2655,T5317
2656,T5318
2657,T5325
2658,T5326
2659,T5327
2660,T5328
2661,T5329
2662,T5330
2663,T5685
2664,T5686
2665,T5687
2666,T5688
2667,T6307
2668,T6308
2669,T6551
2670,T6552
2671,T6601
2672,T6602
2673,T6605
2674,T6606
2675,T6607
2676,T6608
2677,T6611
2678,T6612
2679,T6613
2680,T6614
2681,T6615
2682,T6616
2683,T7565
2684,T7566
2685,T7567
2686,T7575
2687,T7576
2688,T7577
2689,T7578
2690,T7771
2691,T7772
2692,T7773
2693,T7774
2694,T7775
2695,T7776
2696,T7777
2697,T7781
2698,T7782
2699,T7784
2700,T7785
2701,T7786
2702,T7787
2703,T7788
2704,T8001
2705,T8002
2706,T8309
2707,T8310
2708,T8321
2709,T8322
2710,T8323
2711,T8324
2712,T8365
2713,T8366
2714,T8367
2715,T8368
2716,T8369
2717,T8370
2718,T8379
2719,T8380
2720,T8381
2721,T8382
2722,T8701
2723,T8702
2724,T8711
2725,T8712
2726,T8713
2727,T8714
2728,T8715
2729,T8716
2730,T8717
2731,T8718
2732,T8865
2733,T8866
2734,T8869
2735,T8870
2736,T9021
2737,T9024
2738,T9501
2739,T9502
2740,T9503
2741,T9504
2742,T9515
2743,T9516
2744,T9517
2745,T9518
2746,T9525
2747,T9526
2748,T9527
2749,T9528
2750,T9575
2751,T9576
2752,T9581
2753,T9582
2754,T9583
2755,T9584
2756,T9585
2757,T9586
2758,G1
2759,G2
2760,G3
2761,G4
2762,G5
2763,G6
2764,G7
2765,G8
2766,G9
2767,G10
2768,G11
2769,G12
2770,G13
2771,G14
2772,G15
2773,G16
2774,G17
2775,G18
2776,G19
2777,G20
2778,G21
2779,G22
2780,G23
2781,G24
2782,G25
2783,G26
2784,G27
2785,G28
2786,G29
2787,G30
2788,G31
2789,G32
2790,G33
2791,G34
2792,G35
2793,G36
2794,G37
2795,G38
2796,G39
2797,G40
2798,G41
2799,G42
2800,G43
2801,G44
2802,G45
2803,G46
2804,G47
2805,G48
2806,G49
2807,G50
2808,G51
2809,G52
2810,G53
2811,G54
2812,G55
2813,G56
2814,G57
2815,G58
2816,G59
2817,G60
2818,G61
2819,G62
2820,G63
2821,G64
2822,G65
2823,G66
2824,G67
2825,G68
2826,G69
2827,G70
2828,G71
2829,G72
2830,G73
2831,G74
2832,G75
2833,G76
2834,G77
2835,G78
2836,G79
2837,G80
2838,G81
2839,G82
2840,G83
2841,G84
2842,G85
2843,G86
2844,G87
2845,G88
2846,G89
2847,G90
2848,G91
2849,G92
2850,G93
2851,G94
2852,G95
2853,G96
2854,G97
2855,G98
2856,G99
2857,G100
2858,G101
2859,G102
2860,G103
2861,G104
2862,G105
2863,G106
2864,G107
2865,G108
2866,G109
2867,G110
2868,G111
2869,G112
2870,G113
2871,G114
2872,G115
2873,G116
2874,G117
2875,G118
2876,G119
2877,G120
2878,G121
2879,G122
2880,G123
2881,G124
2882,G125
2883,G126
2884,G127
2885,G128
2886,G129
2887,G130
2888,G131
2889,G132
2890,G133
2891,G134
2892,G135
2893,G136
2894,G137
2895,G138
2896,G139
2897,G140
2898,G141
2899,G142
2900,G143
2901,G144
2902,G145
2903,G146
2904,G147
2905,G148
2906,G149
2907,G150
2908,G151
2909,G152
2910,G153
2911,G154
2912,G155
2913,G156
2914,G157
2915,G158
2916,G159
2917,G160
2918,G161
2919,G162
2920,G163
2921,G164
2922,G165
2923,G166
2924,G167
2925,G168
2926,G169
2927,G170
2928,G171
2929,G172
2930,G173
2931,G174
2932,G176
2933,G177
2934,G178
2935,G179
2936,G180
2937,G181
2938,G182
2939,G183
2940,G184
2941,G185
2942,G186
2943,G187
2944,G188
2945,G189
2946,G190
2947,G191
2948,G192
2949,G193
2950,G194
2951,G195
2952,G196
2953,G197
2954,G198
2955,G199
2956,G201
2957,G202
2958,G203
2959,G204
2960,G205
2961,G206
2962,G207
2963,G208
2964,G209
2965,G210
2966,G211
2967,G212
2968,G213
2969,G214
2970,G215
2971,G216
2972,G217
2973,G218
2974,G219
2975,G220
2976,G221
2977,G222
2978,G223
2979,G224
2980,G225
2981,G226
2982,G227
2983,G228
2984,G229
2985,G230
2986,G231
2987,G232
2988,G233
2989,G234
2990,G235
2991,G236
2992,G237
2993,G238
2994,G239
2995,G240
2996,G241
2997,G242
2998,G243
2999,G244
3000,G245
3001,G246
3002,G247
3003,G248
3004,G253
3005,G254
3006,G255
3007,G256
3008,G257
3009,G258
3010,G259
3011,G260
3012,G261
3013,G262
3014,G263
3015,G264
3016,G265
3017,G266
3018,G267
3019,G268
3020,G269
3021,G270
3022,G271
3023,G272
3024,G275
3025,G276
3026,G277
3027,G278
3028,G279
3029,G280
3030,G281
3031,G282
3032,G283
3033,G284
3034,G285
3035,G286
3036,G287
3037,G288
3038,G289
3039,G290
3040,G291
3041,G292
3042,G293
3043,G294
3044,G297
3045,G298
3046,G299
3047,G300
3048,G301
3049,G302
3050,G303
3051,G304
3052,G305
3053,G306
3054,G307
3055,G308
3056,G309
3057,G310
3058,G311
3059,G312
3060,G313
3061,G314
3062,G315
3063,G316
3064,G317
3065,G318
3066,G319
3067,G320
3068,G322
3069,G323
3070,G324
3071,G325
3072,G329
3073,G330
3074,G331
3075,G333
3076,G334
3077,G336
3078,G337
3079,G338
3080,G341
3081,G345
3082,G349
3083,G350
3084,G351
3085,G352
3086,G355
3087,G356
3088,G359
3089,G360
3090,G361
3091,G362
3092,G363
3093,G366
3094,G367
3095,G368
3096,G369
3097,G370
3098,G373
3099,G374
3100,G377
3101,G378
3102,G379
3103,G380
3104,G381
3105,G382
3106,G383
3107,G384
3108,G385
3109,G386
3110,G387
3111,G388
3112,G389
3113,G390
3114,G391
3115,G392
3116,G393
3117,G394
3118,G395
3119,G396
3120,G397
3121,G398
3122,G399
3123,G400
3124,G401
3125,G402
3126,G403
3127,G404
3128,G405
3129,G406
3130,G411
3131,G412
3132,G417
3133,G418
3134,G421
3135,G422
3136,G423
3137,G424
3138,G425
3139,G426
3140,G427
3141,G428
3142,G429
3143,G430
3144,G431
3145,G432
3146,G435
3147,G436
3148,G451
3149,G452
3150,G453
3151,G454
3152,G455
3153,G456
3154,G457
3155,G458
3156,G459
3157,G460
3158,G461
3159,G462
3160,G469
3161,G470
3162,G471
3163,G472
3164,G473
3165,G474
3166,G475
3167,G476
3168,G478
3169,G481
3170,G482
3171,G483
3172,G484
3173,G485
3174,G486
3175,G487
3176,G488
3177,G491
3178,G492
3179,G495
3180,G496
3181,G497
3182,G498
3183,G502
3184,G503
3185,G505
3186,G506
3187,G507
3188,G508
3189,G509
3190,G510
3191,G511
3192,G512
3193,G516
3194,G517
3195,G518
3196,G519
3197,G520
3198,G521
3199,G524
3200,G525
3201,G527
3202,G528
3204,G530
3205,G531
3206,G532
3207,G533
3208,G534
3209,G535
3210,G536
3211,G537
3212,G538
3213,G539
3214,G540
3215,G541
3216,G542
3217,G544
3218,G545
3219,G546
3220,G547
3221,G548
3222,G551
3223,G552
3224,G553
3225,G554
3226,G555
3227,G556
3228,G561
3229,G562
3230,G563
3231,G564
3232,G565
3233,G567
3234,G571
3235,G572
3236,G573
3237,G574
3238,G575
3239,G576
3240,G577
3241,G578
3242,G579
3243,G580
3244,G581
3245,G582
3246,G583
3247,G584
3248,G585
3249,G586
3250,G587
3251,G588
3252,G589
3253,G590
3254,G591
3255,G592
3256,G593
3257,G594
3258,G595
3259,G596
3260,G597
3261,G598
3262,G599
3263,G600
3264,G601
3265,G602
3266,G603
3267,G604
3268,G605
3269,G606
3270,G607
3271,G609
3272,G610
3273,G611
3274,G612
3275,G613
3276,G614
3277,G615
3278,G616
3279,G618
3280,G619
3281,G620
3282,G621
3283,G622
3284,G623
3285,G624
3286,G625
3287,G626
3288,G627
3289,G628
3290,G629
3291,G630
3292,G631
3293,G632
3294,G633
3295,G634
3296,G635
3297,G636
3298,G637
3299,G638
3300,G639
3301,G640
3302,G641
3303,G642
3304,G645
3305,G646
3306,G649
3307,G650
3308,G651
3309,G652
3310,G653
3311,G655
3312,G656
3313,G658
3314,G659
3315,G660
3316,G661
3317,G663
3318,G664
3319,G665
3320,G666
3321,G667
3322,G668
3323,G670
3324,G671
3325,G672
3326,G673
3327,G674
3328,G675
3329,G676
3330,G677
3331,G678
3332,G681
3333,G682
3334,G683
3335,G684
3336,G685
3337,G686
3338,G687
3339,G688
3340,G691
3341,G692
3342,G693
3343,G694
3344,G695
3345,G696
3346,G697
3347,G698
3348,G701
3349,G702
3350,G703
3351,G704
3352,G705
3353,G706
3354,G707
3355,G708
3356,G709
3357,G710
3358,G711
3359,G712
3360,G713
3361,G714
3362,G716
3363,G717
3364,G718
3365,G719
3366,G720
3367,G722
3368,G723
3369,G724
3370,G725
3371,G727
3372,G728
3373,G729
3374,G730
3375,G731
3376,G752
3377,G753
3378,G754
3379,G755
3380,G763
3381,G764
3382,G765
3383,G766
3384,G767
3385,G768
3386,G769
3387,G770
3388,G771
3389,G772
3390,G781
3391,G782
3392,G783
3393,G784
3394,G785
3395,G786
3396,G787
3397,G788
3398,G801
3399,G802
3400,G804
3401,G805
3402,G806
3403,G807
3404,G808
3405,G817
3406,G818
3407,G819
3408,G820
3409,G821
3410,G822
3411,G823
3412,G824
3413,G825
3414,G826
3415,G827
3416,G828
3417,G831
3418,G832
3419,G833
3420,G834
3421,G835
3422,G836
3423,G837
3424,G838
3425,G839
3426,G840
3427,G841
3428,G842
3429,G843
3430,G844
3431,G845
3432,G846
3433,G847
3434,G850
3435,G851
3436,G852
3437,G853
3438,G854
3439,G855
3440,G856
3441,G857
3442,G858
3443,G859
3444,G860
3445,G861
3446,G862
3447,G863
3448,G864
3449,G865
3450,G866
3451,G867
3452,G868
3453,G869
3454,G870
3455,G1001
3456,G1002
3457,G1003
3458,G1004
3459,G1005
3460,G1006
3461,G1007
3462,G1008
3463,G1009
3464,G1010
3465,G1012
3466,G1013
3467,G1014
3468,G1015
3469,G1017
3470,G1019
3471,G1020
3472,G1021
3476,G1031
3477,G1032
3478,G1033
3479,G1034
3480,G1035
3481,G1036
3482,G1037
3483,G1038
3484,G1102
3485,G1103
3486,G1105
3487,G1108
3488,G1109
3489,G1110
3490,G1112
3491,G1113
3492,G1114
3493,G1117
3495,G1122
3496,G1123
3497,G1125
3498,G1127
3499,G1128
3500,G1129
3501,G1130
3502,G1133
3503,G1134
3504,G1135
3505,G1136
3506,G1138
3507,G1140
3508,G1143
3509,G1145
3510,G1146
3511,G1147
3512,G1148
3513,G1151
3514,G1152
3515,G1153
3516,G1154
3517,G1155
3518,G1156
3519,G1157
3520,G1158
3521,G1161
3522,G1162
3523,G1165
3524,G1168
3525,G1201
3528,G1204
3529,G1205
3530,G1206
3531,G1207
3532,G1208
3533,G1211
3534,G1212
3535,G1213
3536,G1214
3537,G1215
3538,G1216
3539,G1217
3540,G1218
3541,G1221
3542,G1222
3543,G1223
3544,G1224
3545,G1225
3546,G1226
3547,G1227
3548,G1228
3549,G1229
3550,G1230
3551,G1231
3552,G1232
3553,G1233
3554,G1234
3555,G1235
3556,G1236
3557,G1237
3558,G1238
3559,G1239
3560,G1240
3561,G1241
3562,G1242
3563,G1243
3564,G1244
3565,G1245
3566,G1246
3567,G1247
3568,G1248
3569,G1251
3570,G1252
3571,G1253
3572,G1254
3573,G1255
3574,G1256
3575,G1257
3576,G1258
3577,G1261
3578,G1262
3579,G1263
3580,G1264
3581,G1265
3582,G1266
3583,G1267
3584,G1268
3585,G1271
3586,G1272
3587,G1273
3588,G1274
3589,G1275
3592,G1278
3593,G1281
3594,G1282
3595,G1283
3596,G1284
3597,G1285
3598,G1286
3599,G1287
3600,G1288
3601,G1289
3602,G1290
3603,G1291
3604,G1292
3605,G1293
3606,G1294
3607,G1295
3608,G1296
3609,G1297
3610,G1298
3611,G1299
3612,G1300
3613,G1301
3614,G1304
3615,G1305
3616,G1306
3617,G1311
3618,G1312
3619,G1313
3620,G1314
3622,G1322
3623,G1328
3624,G1329
3625,G1331
3626,G1332
3627,G1333
3628,G1334
3629,G1335
3630,G1336
3631,G1337
3632,G1338
3633,G1339
3634,G1340
3635,G1341
3636,G1342
3637,G1344
3638,G1346
3639,G1347
3640,G1348
3641,G1349
3642,G1350
3643,G1352
3644,G1353
3646,G1355
3647,G1356
3648,G1357
3649,G1359
3650,G1361
3651,G1362
3652,G1363
3653,G1364
3654,G1365
3655,G1369
3656,G1370
3657,G1371
3658,G1372
3659,G1373
3660,G1374
3661,G1375
3662,G1376
3663,G1377
3664,G1378
3665,G1379
3666,G1380
3667,G1382
3668,G1383
3669,G1384
3670,G1387
3671,G1388
3672,G1389
3673,G1390
3674,G1391
3675,G1392
3676,G1393
3677,G1394
3678,G1395
3679,G1397
3680,G1398
3681,G1401
3682,G1402
3683,G1403
3684,G1404
3685,G1405
3686,G1406
3687,G1407
3688,G1408
3689,G1415
3690,G1416
3691,G1417
3692,G1418
3693,G1421
3694,G1422
3695,G1431
3696,G1432
3697,G1433
3698,G1434
3699,G1451
3700,G1452
3701,G1457
3702,G1458
3703,G1460
3704,G1461
3705,G1462
3706,G1479
3707,G1480
3708,G1481
3709,G1482
3710,G1483
3711,G1484
3712,G1492
3713,G1493
3714,G1495
3715,G1496
3716,G1501
3717,G1502
3718,G1503
3719,G1504
3721,G1506
3722,G1509
3723,G1510
3724,G1511
3725,G1514
3726,G1521
3727,G1524
3728,G1525
3729,G1526
3730,G1532
3731,G1533
3732,G1535
3733,G1536
3734,G1537
3735,G1538
3736,G1539
3737,G1540
3738,G1545
3739,G1546
3740,G1558
3741,G1559
3742,G1560
3743,G1561
3744,G1563
3745,G1564
3746,G1567
3747,G1568
3748,G1571
3749,G1572
3750,G1581
3751,G1582
3752,G1583
3753,G1584
3754,G1601
3755,G1602
3756,G1603
3757,G1604
3758,G1607
3759,G1608
3760,G1609
3761,G1610
3762,G1611
3763,G1612
3764,G1613
3765,G1614
3766,G1615
3767,G1616
3768,G1619
3769,G1620
3770,G1625
3771,G1626
3772,G1627
3773,G1628
3774,G1631
3775,G1632
3776,G1633
3777,G1634
3778,G1635
3779,G1636
3780,G1637
3781,G1638
3782,G1639
3783,G1640
3784,G1641
3785,G1642
3786,G1643
3787,G1644
3788,G1645
3789,G1646
3790,G1647
3791,G1648
3792,G1649
3793,G1650
3794,G1651
3795,G1652
3796,G1653
3797,G1654
3798,G1655
3799,G1656
3800,G1657
3801,G1658
3802,G1659
3803,G1660
3804,G1661
3805,G1662
3806,G1663
3807,G1664
3808,G1665
3809,G1666
3810,G1667
3811,G1668
3812,G1669
3813,G1670
3814,G1672
3815,G1673
3816,G1674
3817,G1675
3818,G1676
3819,G1677
3820,G1679
3821,G1680
3822,G1681
3823,G1682
3824,G1683
3825,G1684
3826,G1685
3827,G1686
3828,G1687
3829,G1688
3830,G1689
3831,G1690
3832,G1691
3833,G1692
3834,G1693
3835,G1694
3836,G1695
3837,G1696
3838,G1697
3839,G1698
3840,G1701
3841,G1702
3842,G1703
3843,G1704
3844,G1709
3846,G1711
3847,G1712
3848,G1713
3849,G1714
3850,G1715
3851,G1716
3852,G1717
3853,G1718
3854,G1719
3855,G1720
3856,G1721
3857,G1722
3858,G1723
3859,G1724
3860,G1725
3861,G1726
3862,G1727
3863,G1728
3864,G1729
3865,G1730
3866,G1731
3867,G1732
3868,G1733
3869,G1734
3870,G1735
3871,G1736
3872,G1737
3873,G1738
3874,G1741
3875,G1742
3876,G1743
3877,G1744
3878,G1745
3879,G1746
3880,G1747
3881,G1748
3882,G1751
3883,G1752
3884,G1753
3885,G1754
3886,G1755
3887,G1756
3888,G1757
3889,G1758
3890,G1759
3891,G1760
3892,G1761
3893,G1762
3894,G1763
3895,G1764
3896,G1765
3897,G1766
3898,G1767
3899,G1768
3900,G1769
3901,G1770
3902,G1771
3903,G1772
3904,G1773
3905,G1774
3906,G1775
3907,G1776
3908,G1777
3909,G1778
3910,G1802
3911,G1803
3912,G1805
3913,G1806
3914,G1807
3915,G1808
3916,G1809
3917,G1810
3918,G1811
3919,G1812
3920,G1813
3921,G1814
3922,G1815
3923,G1816
3924,G1817
3925,G1818
3926,G1819
3927,G1820
3928,G1821
3929,G1822
3930,G1823
3931,G1824
3932,G1825
3933,G1826
3934,G1827
3935,G1828
3936,G1831
3937,G1832
3938,G1833
3939,G1834
3940,G1835
3941,G1836
3942,G1837
3943,G1838
3944,G1839
3945,G1840
3946,G1841
3947,G1842
3948,G1843
3949,G1844
3950,G1845
3951,G1846
3952,G1847
3953,G1848
3954,G1849
3955,G1850
3956,G1851
3957,G1852
3958,G1853
3959,G1854
3960,G1855
3961,G1856
3962,G1857
3963,G1858
3964,G1861
3965,G1862
3966,G1863
3967,G1864
3968,G1865
3969,G1866
3970,G1867
3971,G1868
3972,G1869
3973,G1870
3974,G1871
3975,G1872
3976,G1873
3977,G1874
3978,G1875
3979,G1876
3980,G1877
3981,G1878
3982,G1879
3983,G1880
3984,G1881
3985,G1882
3986,G1883
3987,G1884
3988,G1885
3989,G1886
3990,G1887
3991,G1888
3992,G1889
3993,G1890
3994,G1891
3995,G1892
3996,G1893
3997,G1894
3998,G1895
3999,G1896
4000,G1897
4001,G1898
4002,G1899
4003,G1900
4004,G1901
4005,G1902
4006,G1903
4007,G1904
4008,G1905
4009,G1906
4010,G1907
4011,G1908
4012,G1911
4013,G1914
4014,G1915
4015,G1918
4016,G1919
4017,G1920
4018,G1921
4019,G1922
4020,G1923
4021,G1924
4022,G1925
4023,G1926
4024,G1928
4025,G1929
4026,G1932
4027,G1933
4028,G1935
4029,G1936
4030,G1937
4031,G1938
4032,G1939
4033,G1940
4034,G1941
4035,G1942
4036,G1951
4037,G1952
4038,G1953
4039,G1954
4040,G1955
4041,G1956
4042,G1957
4043,G1958
4044,G1961
4045,G1962
4046,G1963
4047,G1964
4048,G1965
4049,G1966
4050,G1967
4051,G1968
4052,G1969
4053,G1970
4054,G1971
4055,G1972
4056,G1973
4057,G1974
4058,G1975
4059,G1976
4060,G1981
4061,G1982
4062,G1983
4063,G1984
4064,G1991
4065,G1992
4066,G1993
4067,G1994
4068,G2001
4069,G2002
4070,G2003
4071,G2004
4072,G2021
4073,G2022
4074,G2023
4075,G2024
4076,G2025
4077,G2026
4078,G2031
4079,G2032
4080,G2035
4081,G2036
4082,G2037
4083,G2038
4084,G2039
4085,G2040
4086,G2041
4087,G2042
4088,G2045
4089,G2046
4090,G2047
4091,G2048
4092,G2051
4093,G2052
4094,G2053
4095,G2054
4096,G2055
4097,G2056
4098,G2057
4099,G2058
4100,G2059
4101,G2060
4102,G2065
4103,G2066
4104,G2067
4105,G2068
4106,G2069
4107,G2070
4108,G2071
4109,G2072
4110,G2073
4111,G2074
4112,G2075
4113,G2076
4114,G2077
4115,G2078
4116,G2079
4117,G2080
4118,G2081
4119,G2082
4120,G2083
4121,G2084
4122,G2087
4123,G2088
4124,G2089
4125,G2090
4126,G2093
4127,G2094
4128,G2095
4129,G2096
4130,G2105
4131,G2108
4132,G2111
4133,G2115
4134,G2116
4135,G2117
4136,G2118
4137,G2122
4138,G2151
4139,G2152
4140,G2153
4141,G2154
4142,G2161
4143,G2162
4144,G2163
4145,G2164
4146,G2201
4147,G2203
4148,G2204
4149,G2205
4150,G2206
4151,G2207
4152,G2208
4153,G2210
4154,G2211
4155,G2212
4156,G2213
4157,G2214
4158,G2215
4159,G2216
4160,G2217
4161,G2218
4162,G2231
4163,G2232
4164,G2301
4165,G2302
4166,G2303
4167,G2304
4168,G2305
4169,G2306
4170,G2307
4171,G2308
4172,G2311
4173,G2312
4174,G2313
4175,G2314
4176,G2315
4177,G2316
4178,G2317
4179,G2318
4180,G2321
4181,G2322
4182,G2323
4183,G2324
4184,G2331
4185,G2332
4186,G2333
4187,G2334
4188,G2335
4189,G2336
4190,G2337
4191,G2338
4192,G2339
4193,G2340
4194,G2341
4195,G2342
4196,G2343
4197,G2344
4198,G2345
4199,G2346
4200,G2347
4201,G2348
4202,G2355
4203,G2356
4204,G2357
4205,G2358
4206,G2361
4207,G2362
4208,G2363
4209,G2364
4210,G2365
4211,G2366
4212,G2369
4213,G2370
4214,G2371
4215,G2372
4216,G2379
4217,G2380
4218,G2381
4219,G2382
4220,G2385
4221,G2386
4222,G2387
4225,G2390
4226,G2391
4227,G2392
4228,G2393
4229,G2394
4230,G2395
4231,G2396
4232,G2397
4233,G2398
4234,G2601
4235,G2602
4236,G2603
4237,G2604
4238,G2605
4239,G2606
4240,G2607
4241,G2608
4242,G2609
4243,G2610
4244,G2621
4245,G2622
4246,G2623
4247,G2624
4248,G2625
4249,G2626
4250,G2627
4251,G2628
4252,G2629
4253,G2630
4254,G2631
4255,G2632
4256,G2633
4257,G2634
4258,G2635
4259,G2636
4260,G2651
4261,G2652
4262,G2653
4263,G2654
4264,G2811
4265,G2812
4266,G2813
4267,G2814
4268,G2851
4269,G2852
4270,G2853
4271,G2854
4272,G2855
4273,G2856
4274,G2867
4275,G2868
4276,G2869
4277,G2870
4278,G2871
4279,G2872
4280,G2873
4281,G2874
4282,G2875
4283,G2876
4284,G2877
4285,G2878
4286,G2879
4287,G2880
4288,G2881
4289,G2882
4290,G2883
4291,G2884
4292,G2885
4293,G2886
4294,G2887
4295,G2888
4296,G2889
4297,G2890
4298,G2891
4299,G2892
4300,G2901
4301,G2902
4302,G2903
4303,G2904
4304,G2905
4305,G2906
4306,G2907
4307,G2908
4308,G2909
4309,G2910
4310,G2911
4311,G2912
4312,G2913
4313,G2914
4314,G2915
4315,G2916
4316,G2921
4317,G2922
4318,G2923
4319,G2924
4320,G2925
4321,G2926
4322,G2927
4323,G2928
4324,G2929
4325,G2930
4326,G2931
4327,G2932
4328,G2933
4329,G2934
4330,G2935
4331,G2936
4332,G2937
4333,G2938
4335,G2958
4336,G2959
4338,G2967
4339,G2969
4340,G2978
4341,G2981
4342,G2982
4343,G2984
4344,G2989
4345,G2990
4346,G2991
4347,G2992
4348,G2993
4349,G2994
4350,G2995
4351,G2996
4352,G2997
4353,G3001
4354,G3002
4355,G3003
4356,G3004
4357,G3005
4358,G3006
4359,G3007
4360,G3008
4361,G3701
4362,G3702
4363,G3703
4364,G3704
4365,G3721
4366,G3722
4367,G3723
4368,G3724
4369,G3725
4370,G3726
4371,G3727
4372,G3728
4373,G3801
4374,G3802
4375,G4325
4376,G4326
4377,G4369
4378,G4370
4379,G4566
4380,G5003
4381,G5004
4382,G5005
4383,G5006
4384,G5105
4385,G5106
4386,G5251
4387,G5254
4388,G5255
4389,G5256
4390,G5257
4391,G5258
4392,G5261
4393,G5262
4394,G5263
4395,G5264
4396,G5265
4397,G5266
4398,G5267
4399,G5268
4400,G5302
4401,G5303
4402,G5305
4403,G5306
4404,G5307
4405,G5308
4406,G5311
4407,G5312
4408,G5313
4409,G5314
4410,G5387
4411,G5388
4412,G5393
4413,G5394
4414,G5395
4415,G5396
4416,G5397
4417,G5398
4418,G5399
4419,G5400
4420,G5601
4421,G5602
4422,G5603
4423,G5604
4424,G5605
4425,G5606
4426,G5607
4427,G5608
4428,G5609
4429,G5610
4430,G5611
4431,G5612
4432,G5613
4433,G5614
4434,G5620
4435,G5621
4436,G5622
4437,G5623
4438,G5624
4439,G5625
4440,G5626
4441,G5627
4442,G5628
4443,G5629
4444,G5630
4445,G5631
4446,G5632
4447,G5633
4448,G5634
4449,G5635
4450,G5636
4451,G5637
4452,G5638
4453,G5639
4454,G5640
4455,G5641
4456,G5642
4457,G5643
4458,G5644
4459,G5645
4460,G5646
4461,G5647
4462,G5648
4463,G5649
4464,G5650
4465,G5651
4466,G5652
4467,G5653
4468,G5654
4469,G5655
4470,G5801
4471,G5802
4472,G5803
4473,G5804
4474,G5805
4475,G5806
4476,G5807
4477,G5808
4478,G5809
4479,G5810
4480,G5813
4481,G5814
4482,G5815
4483,G5816
4484,G5817
4485,G5818
4486,G5819
4487,G5820
4488,G5821
4489,G5822
4490,G5823
4491,G5824
4492,G5825
4493,G5826
4494,G5827
4495,G5828
4496,G5829
4497,G5830
4498,G5831
4499,G5832
4500,G6001
4501,G6002
4502,G6011
4503,G6012
4504,G6013
4505,G6014
4506,G6015
4507,G6016
4508,G6017
4509,G6018
4510,G6019
4511,G6020
4512,G6021
4513,G6022
4514,G6024
4515,G6025
4516,G6026
4517,G6027
4518,G6029
4519,G6030
4520,G6031
4521,G6032
4522,G6033
4523,G6034
4524,G6035
4525,G6036
4526,G6037
4527,G6038
4528,G6039
4529,G6040
4530,G6071
4531,G6072
4532,G6073
4533,G6074
4534,G6075
4535,G6076
4536,G6077
4537,G6078
4538,G6101
4539,G6103
4540,G6105
4541,G6107
4542,G6108
4543,G6110
4544,G6111
4545,G6112
4546,G6113
4547,G6114
4548,G6116
4549,G6117
4550,G6118
4551,G6119
4552,G6120
4553,G6122
4554,G6123
4555,G6124
4556,G6125
4557,G6126
4558,G6129
4559,G6130
4560,G6131
4561,G6132
4562,G6134
4563,G6141
4564,G6142
4565,G6145
4566,G6146
4567,G6147
4568,G6148
4569,G6151
4570,G6152
4571,G6153
4572,G6154
4573,G6155
4574,G6156
4575,G6157
4576,G6158
4577,G6159
4578,G6160
4579,G6161
4580,G6162
4581,G6163
4582,G6164
4583,G6165
4584,G6166
4585,G6169
4586,G6170
4587,G6171
4588,G6172
4589,G6173
4590,G6174
4591,G6175
4593,G6181
4594,G6182
4595,G6183
4596,G6184
4597,G6185
4598,G6186
4599,G6187
4600,G6188
4601,G6201
4602,G6202
4603,G6203
4604,G6204
4605,G6205
4606,G6206
4607,G6207
4608,G6208
4609,G6209
4610,G6210
4611,G6211
4612,G6212
4613,G6213
4614,G6214
4615,G6215
4616,G6216
4617,G6217
4618,G6219
4619,G6222
4620,G6223
4621,G6224
4622,G6225
4623,G6229
4624,G6230
4625,G6231
4626,G6232
4627,G6234
4628,G6236
4629,G6237
4630,G6238
4631,G6241
4632,G6242
4633,G6243
4634,G6244
4635,G6246
4636,G6248
4637,G6250
4638,G6251
4639,G6253
4640,G6258
4641,G6260
4642,G6262
4643,G6263
4644,G6264
4645,G6265
4646,G6266
4647,G6270
4648,G6271
4649,G6272
4650,G6273
4651,G6274
4652,G6275
4653,G6276
4654,G6284
4655,G6285
4656,G6286
4657,G6287
4658,G6288
4659,G6289
4660,G6290
4661,G6291
4662,G6292
4663,G6293
4664,G6301
4665,G6302
4666,G6303
4667,G6304
4668,G6305
4669,G6306
4670,G6307
4671,G6308
4672,G6309
4673,G6310
4674,G6311
4675,G6312
4676,G6313
4677,G6314
4678,G6315
4679,G6316
4680,G6317
4681,G6318
4682,G6319
4683,G6320
4684,G6321
4685,G6322
4686,G6323
4687,G6324
4688,G6325
4689,G6326
4690,G6327
4691,G6328
4692,G6329
4693,G6330
4694,G6331
4695,G6332
4696,G6337
4697,G6338
4698,G6339
4699,G6340
4700,G6341
4701,G6342
4702,G6343
4703,G6344
4704,G6345
4705,G6346
4706,G6347
4707,G6348
4708,G6381
4709,G6382
4710,G6383
4711,G6384
4712,G6385
4713,G6386
4714,G6387
4715,G6388
4716,G6389
4717,G6390
4718,G6391
4719,G6392
4720,G6401
4721,G6402
4722,G6403
4723,G6404
4724,G6405
4725,G6406
4726,G6407
4727,G6408
4728,G6410
4729,G6411
4730,G6412
4731,G6414
4732,G6415
4733,G6416
4734,G6417
4735,G6419
4736,G6420
4737,G6451
4738,G6452
4739,G6453
4740,G6454
4741,G6455
4742,G6456
4743,G6457
4744,G6458
4745,G6459
4746,G6460
4747,G6461
4748,G6462
4749,G6463
4750,G6464
4751,G6465
4752,G6466
4753,G6467
4754,G6468
4755,G6469
4756,G6470
4757,G6471
4758,G6472
4759,G6473
4760,G6474
4761,G6475
4762,G6476
4763,G6477
4764,G6478
4765,G6479
4766,G6480
4767,G6481
4768,G6482
4769,G6483
4770,G6484
4771,G6485
4772,G6486
4773,G6487
4774,G6488
4775,G6489
4776,G6490
4777,G6491
4778,G6492
4779,G6493
4780,G6494
4781,G6501
4782,G6502
4783,G6503
4784,G6504
4785,G6505
4786,G6506
4787,G6507
4788,G6508
4789,G6509
4790,G6510
4791,G6511
4792,G6512
4793,G6513
4794,G6514
4795,G6515
4796,G6516
4797,G6517
4798,G6518
4799,G6519
4800,G6520
4801,G6521
4802,G6522
4803,G6523
4804,G6524
4805,G6525
4806,G6526
4807,G6527
4808,G6528
4809,G6529
4810,G6530
4811,G6531
4812,G6532
4813,G6533
4814,G6534
4815,G6535
4816,G6536
4817,G6537
4818,G6538
4819,G6539
4820,G6540
4821,G6541
4822,G6542
4823,G6543
4824,G6544
4825,G6579
4826,G6580
4827,G6581
4828,G6582
4829,G6583
4830,G6584
4831,G6585
4832,G6586
4833,G6587
4834,G6588
4835,G6602
4836,G6606
4837,G6607
4838,G6609
4839,G6611
4840,G6613
4841,G6619
4842,G6620
4843,G6681
4844,G6682
4845,G6683
4846,G6684
4847,G6685
4848,G6686
4849,G6687
4850,G6695
4851,G6696
4852,G6697
4853,G6698
4854,G6699
4855,G6700
4856,G6701
4857,G6702
4858,G6703
4859,G6704
4860,G6705
4861,G6706
4862,G6708
4863,G6709
4864,G6712
4865,G6713
4866,G6714
4867,G6715
4868,G6716
4869,G6717
4870,G6718
4871,G6719
4872,G6720
4873,G6721
4874,G6722
4875,G6723
4876,G6724
4877,G6726
4878,G6731
4879,G6732
4880,G6733
4881,G6734
4882,G6735
4883,G6736
4884,G6737
4885,G6741
4886,G6742
4887,G6743
4888,G6744
4889,G6745
4890,G6746
4891,G6752
4892,G6753
4893,G6755
4894,G6902
4895,G6904
4896,G6906
4897,G6909
4898,G6910
4899,G6912
4900,G6913
4901,G6916
4902,G6917
4903,G6918
4904,G6919
4905,G6920
4906,G6922
4907,G6923
4908,G6931
4909,G6933
4910,G6936
4911,G6939
4912,G6962
4913,G6963
4914,G6964
4915,G6965
4916,G6966
4917,G6967
4918,G6968
4919,G6980
4920,G7001
4921,G7002
4922,G7003
4923,G7004
4924,G7005
4925,G7006
4926,G7007
4927,G7008
4928,G7009
4929,G7010
4930,G7011
4931,G7012
4932,G7013
4933,G7014
4934,G7015
4935,G7016
4936,G7017
4937,G7018
4938,G7019
4939,G7020
4940,G7021
4941,G7022
4942,G7023
4943,G7024
4944,G7025
4945,G7026
4946,G7027
4947,G7028
4948,G7029
4949,G7030
4950,G7031
4951,G7032
4952,G7033
4953,G7034
4954,G7035
4955,G7036
4956,G7037
4957,G7038
4958,G7039
4959,G7040
4960,G7041
4961,G7042
4962,G7043
4963,G7044
4964,G7045
4965,G7046
4966,G7047
4967,G7048
4968,G7049
4969,G7050
4970,G7051
4971,G7052
4972,G7053
4973,G7054
4974,G7055
4975,G7056
4976,G7057
4977,G7058
4978,G7059
4979,G7060
4980,G7061
4981,G7062
4982,G7063
4983,G7064
4984,G7065
4985,G7066
4986,G7067
4987,G7068
4988,G7069
4989,G7070
4990,G7071
4991,G7072
4992,G7073
4993,G7074
4994,G7075
4995,G7076
4996,G7077
4997,G7078
4998,G7079
4999,G7080
5000,G7081
5001,G7082
5002,G7083
5003,G7084
5004,G7085
5005,G7086
5006,G7087
5007,G7088
5008,G7089
5009,G7090
5010,G7091
5011,G7092
5012,G7093
5013,G7094
5014,G7099
5015,G7100
5016,G7101
5017,G7102
5018,G7103
5019,G7104
5020,G7105
5021,G7106
5022,G7107
5023,G7108
5024,G7109
5025,G7110
5026,G7111
5027,G7112
5028,G7113
5029,G7114
5030,G7115
5031,G7116
5032,G7117
5033,G7119
5034,G7120
5035,G7121
5036,G7122
5037,G7123
5038,G7124
5039,G7126
5040,G7127
5041,G7128
5042,G7130
5043,G7131
5044,G7132
5045,G7133
5046,G7134
5047,G7135
5048,G7136
5049,G7137
5050,G7138
5051,G7139
5052,G7140
5053,G7141
5054,G7142
5055,G7143
5056,G7144
5057,G7145
5058,G7146
5059,G7147
5060,G7148
5061,G7149
5062,G7150
5063,G7152
5064,G7153
5065,G7155
5066,G7156
5067,G7157
5068,G7158
5069,G7159
5070,G7162
5071,G7163
5072,G7164
5073,G7165
5074,G7166
5075,G7167
5076,G7168
5077,G7169
5078,G7170
5079,G7171
5080,G7174
5081,G7180
5082,G7185
5083,G7186
5084,G7187
5085,G7188
5086,G7190
5087,G7191
5088,G7192
5089,G7193
5090,G7194
5091,G7195
5092,G7196
5093,G7197
5094,G7198
5095,G7199
5096,G7200
5097,G7201
5098,G7202
5099,G7203
5100,G7205
5101,G7206
5102,G7207
5103,G7208
5104,G7209
5105,G7210
5106,G7211
5107,G7212
5108,G7213
5109,G7214
5110,G7215
5111,G7217
5112,G7218
5113,G7219
5114,G7220
5115,G7221
5116,G7222
5117,G7223
5118,G7224
5119,G7225
5120,G7226
5121,G7227
5122,G7228
5123,G7229
5124,G7231
5125,G7232
5126,G7233
5127,G7234
5128,G7236
5129,G7237
5130,G7239
5131,G7240
5132,G7241
5133,G7242
5134,G7243
5135,G7244
5136,G7245
5137,G7246
5138,G7247
5139,G7248
5140,G7249
5141,G7250
5142,G7251
5143,G7252
5144,G7253
5145,G7254
5146,G7255
5147,G7256
5148,G7257
5149,G7258
5150,G7259
5151,G7260
5152,G7261
5153,G7262
5154,G7263
5155,G7264
5156,G7265
5157,G7266
5158,G7267
5159,G7268
5160,G7269
5161,G7270
5162,G7271
5163,G7272
5164,G7273
5165,G7274
5166,G7275
5167,G7276
5168,G7277
5169,G7278
5170,G7281
5171,G7282
5172,G7283
5173,G7284
5174,G7285
5175,G7286
5176,G7287
5177,G7288
5178,G7289
5179,G7290
5180,G7291
5181,G7292
5182,G7293
5183,G7294
5184,G7295
5185,G7296
5186,G7297
5187,G7298
5188,G7299
5189,G7300
5190,G7301
5191,G7303
5192,G7304
5193,G7305
5194,G7306
5195,G7307
5196,G7308
5197,G7310
5198,G7311
5199,G7312
5200,G7313
5201,G7314
5202,G7315
5203,G7316
5204,G7317
5205,G7318
5206,G7319
5207,G7320
5208,G7321
5209,G7322
5210,G7323
5211,G7324
5212,G7325
5213,G7326
5214,G7328
5215,G7329
5216,G7330
5217,G7331
5218,G7332
5219,G7333
5220,G7334
5221,G7335
5222,G7336
5223,G7337
5224,G7338
5225,G7339
5226,G7340
5227,G7341
5228,G7342
5229,G7343
5230,G7344
5231,G7345
5232,G7346
5233,G7347
5234,G7348
5235,G7349
5236,G7350
5237,G7351
5238,G7352
5239,G7353
5240,G7354
5241,G7355
5242,G7356
5243,G7357
5244,G7358
5245,G7359
5246,G7360
5247,G7361
5248,G7362
5249,G7364
5250,G7365
5251,G7366
5252,G7367
5253,G7368
5254,G7369
5255,G7370
5256,G7371
5257,G7372
5258,G7373
5259,G7374
5260,G7375
5261,G7376
5262,G7377
5263,G7378
5264,G7381
5265,G7382
5266,G7383
5267,G7385
5268,G7386
5269,G7387
5270,G7388
5271,G7389
5272,G7390
5273,G7391
5274,G7392
5275,G7393
5276,G7394
5277,G7395
5278,G7396
5279,G7397
5280,G7398
5281,G7402
5282,G7403
5283,G7409
5284,G7410
5285,G7411
5286,G7412
5287,G7413
5288,G7416
5289,G7417
5290,G7419
5291,G7427
5292,G7428
5293,G7429
5294,G7430
5295,G7431
5296,G7432
5297,G7433
5298,G7434
5299,G7451
5300,G7452
5301,G7453
5302,G7454
5303,G7455
5304,G7456
5305,G7457
5306,G7458
5307,G7461
5308,G7462
5309,G7463
5310,G7464
5311,G7465
5312,G7466
5313,G7467
5314,G7468
5315,G7472
5316,G7473
5317,G7474
5318,G7475
5319,G7476
5320,G7477
5321,G7478
5322,G7479
5323,G7480
5324,G7481
5325,G7482
5326,G7483
5327,G7484
5328,G7485
5329,G7486
5330,G7487
5331,G7488
5332,G7491
5333,G7492
5334,G7493
5335,G7494
5336,G7495
5337,G7496
5338,G7497
5339,G7498
5340,G7501
5341,G7502
5342,G7503
5343,G7504
5344,G7505
5345,G7506
5346,G7507
5347,G7508
5348,G7509
5349,G7510
5350,G7511
5351,G7512
5352,G7514
5353,G7515
5354,G7516
5355,G7517
5356,G7518
5357,G7520
5358,G7521
5359,G7522
5360,G7525
5361,G7527
5362,G7528
5363,G7529
5364,G7530
5365,G7532
5366,G7533
5367,G7534
5368,G7535
5369,G7536
5370,G7537
5371,G7538
5372,G7539
5373,G7540
5374,G7541
5375,G7542
5376,G7543
5377,G7545
5378,G7546
5379,G7549
5380,G7550
5381,G7551
5382,G7552
5383,G7553
5384,G7554
5385,G7555
5386,G7556
5387,G7557
5388,G7558
5389,G7559
5390,G7560
5391,G7561
5392,G7562
5393,G7563
5394,G7564
5395,G7565
5396,G7566
5397,G7567
5398,G7568
5399,G7569
5400,G7570
5401,G7571
5402,G7572
5403,G7573
5404,G7574
5405,G7575
5406,G7576
5407,G7577
5408,G7578
5409,G7581
5410,G7582
5411,G7583
5412,G7584
5413,G7585
5414,G7586
5415,G7589
5416,G7590
5417,G7591
5418,G7592
5419,G7593
5420,G7594
5421,G7595
5422,G7596
5423,G7597
5424,G7598
5425,G7599
5426,G7600
5427,G7603
5428,G7604
5429,G7605
5430,G7608
5431,G7609
5432,G7610
5433,G7611
5434,G7613
5435,G7615
5436,G7616
5437,G7617
5438,G7618
5439,G7619
5440,G7620
5441,G7621
5442,G7622
5443,G7625
5444,G7626
5445,G7627
5446,G7628
5447,G7629
5448,G7630
5449,G7631
5450,G7632
5451,G7633
5452,G7634
5453,G7635
5454,G7636
5455,G7637
5456,G7638
5457,G7641
5458,G7642
5459,G7643
5460,G7644
5461,G7645
5462,G7646
5463,G7647
5464,G7648
5465,G7649
5466,G7650
5467,G7652
5468,G7653
5469,G7655
5470,G7656
5471,G7657
5472,G7658
5473,G7659
5474,G7660
5475,G7661
5476,G7662
5477,G7662
5478,G7663
5479,G7664
5480,G7665
5481,G7666
5482,G7669
5483,G7670
5484,G7671
5485,G7673
5486,G7674
5487,G7675
5488,G7676
5489,G7677
5490,G7678
5491,G7679
5492,G7680
5493,G7681
5494,G7682
5495,G7683
5496,G7684
5497,G7685
5498,G7686
5499,G7687
5500,G7688
5501,G7689
5502,G7690
5503,G7691
5504,G7692
5505,G7693
5506,G7694
5507,G7695
5508,G7696
5509,G7697
5510,G7698
5511,G8001
5512,G8002
5513,G8003
5514,G8004
5515,G8005
5516,G8006
5517,G8007
5518,G8008
5519,G8009
5520,G8010
5521,G8011
5522,G8012
5523,G8013
5524,G8014
5525,G8015
5526,G8016
5527,G8017
5528,G8018
5529,G8019
5530,G8020
5531,G8023
5532,G8024
5533,G8032
5534,G8033
5535,G8034
5536,G8035
5537,G8041
5538,G8042
5539,G8043
5540,G8044
5541,G8045
5542,G8046
5543,G8047
5544,G8048
5545,G8049
5546,G8050
5547,G8051
5548,G8052
5549,G8053
5550,G8054
5551,G8055
5552,G8056
5553,G8057
5554,G8058
5555,G8059
5556,G8060
5557,G8061
5558,G8062
5559,G8065
5560,G8067
5561,G8068
5562,G8069
5563,G8070
5564,G8071
5565,G8072
5566,G8075
5567,G8076
5568,G8077
5569,G8078
5570,G8081
5571,G8082
5572,G8085
5573,G8086
5574,G8087
5575,G8088
5576,G8092
5577,G8101
5578,G8102
5579,G8103
5580,G8104
5581,G8105
5582,G8106
5583,G8107
5584,G8108
5585,G8125
5586,G8126
5587,G8127
5588,G8128
5589,G8130
5590,G8131
5591,G8132
5592,G8133
5593,G8134
5594,G8146
5595,G8147
5596,G8148
5597,G8151
5598,G8152
5599,G8153
5600,G8154
5601,G8155
5602,G8161
5603,G8162
5604,G8163
5605,G8164
5606,G8165
5607,G8166
5608,G8167
5609,G8168
5610,G8169
5611,G8170
5612,G8172
5613,G8181
5614,G8182
5615,G8183
5616,G8184
5617,G8185
5618,G8186
5619,G8187
5620,G8188
5621,G8189
5622,G8190
5623,G8191
5624,G8192
5625,G8193
5626,G8194
5627,G8195
5628,G8196
5629,G8501
5630,G8502
5631,G8504
5632,G8506
5633,G8507
5634,G8508
5635,G8509
5636,G8511
5637,G8513
5638,G8516
5639,G8518
5640,G8520
5641,G8527
5642,G8528
5643,G8529
5644,G8530
5645,G8541
5646,G8542
5647,G8543
5648,G8544
5649,G8545
5650,G8546
5651,G8548
5652,G8549
5653,G8550
5654,G8551
5655,G8553
5656,G8554
5657,G8555
5658,G8556
5659,G8557
5660,G8558
5661,G8559
5662,G8560
5663,G8561
5664,G8562
5665,G8564
5666,G8565
5667,G8566
5668,G8567
5669,G8568
5670,G8581
5671,G8583
5672,G8593
5673,G8594
5674,G8595
5675,G8596
5676,G8597
5677,G8599
5678,G8601
5679,G8613
5680,G8614
5681,G8615
5682,G8616
5683,G8622
5684,G8624
5685,G8631
5686,G8635
5687,G8636
5688,G8652
5689,G8653
5690,G8655
5691,G8656
5692,G8657
5693,G8658
5694,G8659
5695,G8660
5696,G8663
5697,G8664
5698,G8681
5699,G8682
5700,G8683
5701,G8684
5702,G8691
5703,G8692
5704,G8693
5705,G8694
5706,G8701
5707,G8702
5708,G8703
5709,G8704
5710,G8705
5711,G8706
5712,G8707
5713,G8708
5714,G8709
5715,G8710
5716,G8711
5717,G8712
5718,G8713
5719,G8714
5720,G8715
5721,G8716
5722,G8717
5723,G8718
5724,G8719
5725,G8720
5726,G8721
5727,G8724
5728,G8751
5729,G8752
5730,G8901
5731,G8902
5732,G8905
5733,G8906
5734,G8907
5735,G8909
5736,G8910
5737,G8911
5738,G8912
5739,G8917
5740,G8918
5741,G8919
5742,G8920
5743,G8923
5744,G8924
5745,G8928
5746,G8935
5747,G8936
5748,G8953
5749,G8954
5750,G9001
5751,G9002
5752,G9003
5753,G9004
5754,G9164
5755,G9202
5756,G9882
5757,G9883
5758,C1001
5759,C1002
5760,C1003
5761,C1004
5762,C1005
5763,C1006
5764,C1007
5765,C1008
5766,C1009
5767,C1010
5768,C1011
5769,C1012
5770,C1013
5771,C1014
5772,C1015
5773,C1016
5774,C1017
5775,C1018
5776,C1019
5777,C1020
5778,C1021
5779,C1022
5780,C1023
5781,C1024
5782,C1025
5783,C1026
5784,C1027
5785,C1028
5786,C1037
5787,C1041
5788,C1042
5789,C1043
5790,C1044
5791,C1045
5792,C1046
5793,C1047
5794,C1048
5795,C1101
5796,C1102
5797,C1103
5798,C1104
5799,C1105
5800,C1106
5801,C1107
5802,C1108
5803,C1109
5804,C1110
5805,C1111
5806,C1112
5807,C1114
5808,C1115
5809,C1118
5810,C1119
5811,C1121
5812,C1122
5813,C1123
5814,C1124
5815,C1137
5816,C1138
5817,C1139
5818,C1140
5819,C1201
5820,C1202
5821,C1203
5822,C1204
5823,C1205
5824,C1206
5825,C1207
5826,C1208
5827,C1209
5828,C1210
5829,C1211
5830,C1212
5831,C1213
5832,C1214
5833,C1215
5834,C1216
5835,C1217
5836,C1218
5837,C1219
5838,C1220
5839,C1221
5840,C1222
5841,C1223
5842,C1224
5843,C1226
5844,C1227
5845,C1229
5846,C1230
5847,C1232
5848,C1233
5849,C1239
5850,C1240
5851,C1241
5852,C1243
5853,C1244
5854,C1245
5855,C1246
5856,C1248
5857,C1249
5858,C1250
5859,C1279
5860,C1280
5861,C1301
5862,C1302
5863,C1303
5864,C1305
5865,C1306
5866,C1308
5867,C1309
5868,C1310
5869,C1311
5870,C1312
5871,C1321
5872,C1322
5873,C1329
5874,C1330
5875,C1331
5876,C1332
5877,C1333
5878,C1334
5879,C1335
5880,C1336
5881,C1337
5882,C1338
5883,C1351
5884,C1352
5885,C2002
5886,C2003
5887,C2004
5888,C2005
5889,C2008
5890,C2009
5891,C2010
5892,C2013
5893,C2014
5894,C2015
5895,C2017
5896,C2018
5897,C2019
5898,C2020
5899,C2022
5900,C2023
5901,C2024
5902,C2025
5903,C2026
5904,C2027
5905,C2029
5906,C2030
5907,C2031
5908,C2032
5909,C2033
5910,C2034
5911,C2035
5912,C2036
5913,C2037
5914,C2038
5915,C2039
5916,C2040
5917,C2041
5918,C2042
5919,C2043
5920,C2044
5921,C2045
5922,C2046
5923,C2047
5924,C2048
5925,C2049
5926,C2050
5927,C2051
5928,C2052
5929,C2053
5930,C2054
5931,C2055
5932,C2056
5933,C2057
5934,C2058
5935,C2059
5936,C2060
5937,C2061
5938,C2062
5939,C2063
5940,C2064
5941,C2065
5942,C2066
5943,C2067
5944,C2068
5945,C2071
5946,C2073
5947,C2074
5948,C2075
5949,C2076
5950,C2077
5951,C2078
5952,C2080
5953,C2083
5954,C2085
5955,C2086
5956,C2087
5957,C2088
5958,C2089
5959,C2090
5960,C2091
5961,C2093
5962,C2201
5963,C2202
5964,C2203
5965,C2204
5966,C2205
5967,C2206
5968,C2207
5969,C2208
5970,C2209
5971,C2210
5972,C2211
5973,C2212
5974,C2213
5975,C2214
5976,C2215
5977,C2216
5978,C2217
5979,C2218
5980,C2220
5981,C2221
5982,C2222
5983,C2223
5984,C2224
5985,C2226
5986,C2228
5987,C2230
5988,C2301
5989,C2302
5990,C2305
5991,C2306
5992,C2307
5993,C2308
5994,C2551
5995,C2552
5996,C2553
5997,C2554
5998,C2555
5999,C2556
6000,C2557
6001,C2558
6002,C2559
6003,C2560
6004,C2561
6005,C2562
6006,C2563
6007,C2564
6008,C2565
6009,C2566
6010,C2567
6011,C2568
6012,C2569
6013,C2570
6014,C2571
6015,C2572
6016,C2573
6017,C2574
6018,C2576
6019,C2577
6020,C2578
6021,C2579
6022,C2581
6023,C2582
6024,C2583
6025,C2584
6026,C2585
6027,C2586
6028,C2587
6029,C2588
6030,C2589
6031,C2590
6032,C2591
6033,C2592
6034,C2593
6035,C2594
6036,C2595
6037,C2596
6038,C2597
6039,C2605
6040,C2608
6041,C2610
6042,C2613
6043,C2614
6044,C2615
6045,C2616
6046,C2617
6047,C2619
6048,C2621
6049,C2622
6050,C2623
6051,C2624
6052,C2625
6053,C2626
6054,C2627
6055,C2628
6056,C2629
6057,C2630
6058,C2631
6059,C2632
6060,C2633
6061,C2634
6062,C2635
6063,C2637
6064,C2638
6065,C2639
6066,C2640
6067,C2641
6068,C2642
6069,C2643
6070,C2644
6071,C2646
6072,C2647
6073,C2648
6074,C2649
6075,C2650
6076,C2651
6077,C2652
6078,C2653
6079,C2654
6080,C2655
6081,C2657
6082,C2660
6083,C2661
6084,C2664
6085,C2666
6086,C2668
6087,C2669
6088,C2671
6089,C2674
6090,C2678
6091,C2801
6092,C2802
6093,C2803
6094,C2804
6095,C2805
6096,C2806
6097,C2807
6098,C2808
6099,C2809
6100,C2810
6101,C2811
6102,C2812
6103,C2822
6104,C2823
6105,C2824
6106,C2825
6107,C2826
6108,C2827
6109,C2828
6110,C2829
6111,C2830
6112,C2831
6113,C2832
6114,C2833
6115,C2841
6116,C2848
6117,C2849
6118,C2850
6119,C2851
6120,C2852
6121,C2853
6122,C2854
6123,C2855
6124,C2856
6125,C2857
6126,C2858
6127,C2859
6128,C2860
6129,C2861
6130,C2862
6131,C2873
6132,C2874
6133,C2875
6134,C2876
6135,C2877
6136,C2878
6137,C2879
6138,C2880
6139,C2881
6140,C2882
6141,C2883
6142,C2884
6143,C2885
6144,C2886
6145,C2887
6146,C2888
6147,C2889
6148,C2890
6149,C2891
6150,C2892
6151,C2899
6152,C2900
6153,C2901
6154,C2902
6155,C2903
6156,C2904
6157,C2905
6158,C2906
6159,C2907
6160,C2908
6161,C2909
6162,C2910
6163,C2911
6164,C2912
6165,C2913
6166,C2914
6167,C2921
6168,C2922
6169,C2923
6170,C2924
6171,C2925
6172,C2926
6173,C2951
6174,C2952
6175,C2953
6176,C2954
6177,C2961
6178,C2962
6179,C2963
6180,C2964
6181,C2965
6182,C2966
6183,C2967
6184,C2968
6185,C2969
6186,C2970
6187,C2971
6188,C2972
6189,C2991
6190,C2992
6191,C2993
6192,C2994
6258,C5001
6259,C5002
6260,C5003
6261,C5004
6262,C5005
6263,C5006
6264,C5007
6265,C5009
6266,C5010
6267,C5020
6268,C5021
6269,C5022
6270,C5023
6271,C5024
6272,C5025
6273,C5028
6274,C5301
6275,C5302
6276,C5303
6277,C5304
6278,C5305
6279,C5306
6280,C5307
6281,C5308
6282,C5309
6283,C5310
6284,C5311
6285,C5312
6286,C5313
6287,C5314
6288,C5315
6289,C5316
6290,C5317
6291,C5318
6292,C5341
6293,C5342
6294,C5521
6295,C5522
6296,C5601
6297,C5602
6298,C5603
6299,C5604
6300,C5605
6301,C5606
6302,C5607
6303,C5608
6304,C5609
6305,C5610
6306,C5611
6307,C5612
6308,C5613
6309,C5614
6310,C5615
6311,C5616
6312,C5617
6313,C5618
6314,C5619
6315,C5620
6316,C5631
6317,C5632
6318,C5633
6319,C5634
6320,C5635
6321,C6001
6322,C6002
6323,C6003
6324,C6004
6325,C6051
6326,C6052
6327,C6053
6328,C6054
6329,C6055
6330,C6056
6331,C6057
6332,C6058
6333,C6059
6334,C6060
6335,C6061
6336,C6062
6337,C6063
6338,C6064
6339,C6065
6340,C6066
6341,C6067
6342,C6068
6343,C6069
6344,C6070
6345,C6071
6347,C6081
6348,C6082
6349,C6083
6350,C6084
6351,C6085
6352,C6086
6353,C6087
6354,C6088
6355,C6089
6356,C6090
6357,C6091
6358,C6092
6359,C6093
6360,C6094
6361,C6095
6362,C6096
6363,C6101
6364,C6102
6365,C6103
6366,C6104
6367,C6105
6368,C6106
6369,C6107
6370,C6108
6371,C6109
6372,C6110
6373,C6111
6374,C6112
6375,C6113
6376,C6114
6377,C6115
6378,C6116
6379,C6117
6380,C6118
6381,C6119
6382,C6120
6383,C6121
6384,C6122
6385,C6123
6386,C6124
6387,C6125
6388,C6126
6389,C6127
6390,C6128
6391,C6129
6392,C6130
6393,C6131
6394,C6132
6395,C6133
6396,C6134
6397,C6135
6398,C6136
6399,C6137
6400,C6138
6401,C6139
6402,C6140
6403,C6141
6404,C6142
6405,C6143
6406,C6144
6407,C6145
6408,C6146
6409,C6147
6410,C6148
6411,C6149
6412,C6150
6413,C6151
6414,C6152
6415,C6153
6416,C6154
6417,C6155
6418,C6156
6419,C6157
6420,C6158
6421,C6159
6422,C6160
6423,C6161
6424,C6162
6425,C6163
6426,C6164
6427,C6165
6428,C6166
6429,C6167
6430,C6168
6431,C6169
6432,C6170
6433,C6171
6434,C6172
6435,C6173
6436,C6174
6437,C6175
6438,C6176
6439,C6177
6440,C6178
6441,C6179
6442,C6180
6443,C6202
6444,C6203
6445,C6204
6446,C6206
6447,C6208
6448,C6213
6449,C6214
6450,C6215
6451,C6217
6452,C6218
6453,C6219
6454,C6220
6455,C6221
6456,C6224
6457,C6225
6458,C6226
6459,C6228
6460,C6234
6461,C6240
6462,C6241
6463,C6253
6464,C6254
6465,C6255
6466,C6257
6467,C6258
6468,C6260
6469,C6263
6470,C6264
6471,C6267
6472,C6270
6473,C6271
6474,C6278
6475,C6281
6476,C6282
6477,C6291
6478,C6292
6479,C6293
6480,C6294
6481,C6297
6482,C6298
6483,C6301
6484,C6302
6485,C6303
6486,C6305
6487,C6306
6488,C6308
6489,C6309
6490,C6310
6491,C6313
6492,C6314
6493,C6325
6494,C6326
6495,C6351
6496,C6352
6497,C6353
6498,C6354
6499,C6355
6500,C6361
6501,C6362
6502,C6363
6503,C6364
6504,C6365
6505,C6366
6506,C6367
6507,C6368
6508,C6401
6509,C6402
6510,C6403
6511,C6404
6512,C6405
6513,C6406
6514,C6407
6515,C6408
6516,C6409
6517,C6410
6518,C6411
6519,C6412
6520,C6413
6521,C6414
6522,C6415
6523,C6416
6524,C6417
6525,C6418
6526,C6419
6527,C6420
6528,C6421
6529,C6422
6530,C6423
6531,C6424
6532,C6425
6533,C6426
6534,C6427
6535,C6428
6536,C6429
6537,C6430
6538,C6431
6539,C6502
6540,C6503
6541,C6506
6542,C6507
6543,C6556
6544,C6559
6545,C6560
6546,C6561
6547,C6562
6548,C6567
6549,C6572
6550,C6575
6551,C6601
6552,C6602
6553,C6603
6554,C6604
6555,C6605
6556,C6606
6557,C6607
6558,C6608
6559,C6609
6560,C6610
6561,C6611
6562,C6612
6563,C6613
6564,C6614
6565,C6615
6566,C6616
6567,C6617
6568,C6618
6569,C6619
6570,C6620
6571,C6621
6572,C6622
6573,C6623
6574,C6624
6575,C6625
6576,C6626
6577,C6627
6578,C6628
6579,C6629
6580,C6630
6581,C6631
6582,C6632
6583,C6633
6584,C6634
6585,C6635
6586,C6636
6587,C6637
6588,C6638
6589,C6639
6590,C6640
6591,C6641
6592,C6642
6593,C6643
6594,C6644
6595,C6645
6596,C6646
6597,C6661
6598,C6662
6599,C6663
6600,C6664
6601,C6665
6602,C6666
6603,C6667
6604,C6668
6605,C6669
6606,C6670
6607,C6671
6608,C6672
6609,C6673
6610,C6674
6611,C6675
6612,C6676
6613,C6677
6614,C6678
6615,C6679
6616,C6680
6617,C6681
6618,C6682
6619,C6683
6620,C6684
6621,C6686
6622,C6801
6623,C6802
6624,C6803
6625,C6804
6626,C6805
6627,C6806
6628,C6807
6629,C6808
6630,C6809
6631,C6810
6632,C6811
6633,C6812
6634,C6813
6635,C6814
6636,C6815
6637,C6816
6638,C6817
6639,C6818
6640,C6820
6641,C6821
6642,C6822
6643,C6823
6644,C6824
6645,C6825
6646,C6826
6647,C6827
6648,C6828
6649,C6829
6650,C6830
6651,C6831
6652,C6834
6653,C6835
6654,C6836
6655,C6837
6656,C6838
6657,C6839
6658,C6840
6659,C6871
6660,C6872
6661,C6873
6662,C6874
6663,C6875
6664,C6876
6665,C6877
6666,C6878
6667,C6879
6668,C6880
6669,C6881
6670,C6882
6671,C6883
6672,C6884
6673,C6885
6674,C6886
6675,C6887
6676,C6889
6677,C6890
6678,C6891
6679,C6892
6680,C6901
6681,C6902
6682,C6903
6683,C6904
6684,C6905
6685,C6906
6686,C6907
6687,C6908
6688,C6909
6689,C6910
6690,C6911
6691,C6912
6692,C6913
6693,C6914
6694,C6915
6695,C6916
6696,C6917
6697,C6918
6698,C6919
6699,C6920
6700,C6921
6701,C6922
6702,C6923
6703,C6924
6704,C6925
6705,C6926
6706,C6927
6707,C6928
6708,C6929
6709,C6930
6710,C6931
6711,C6932
6712,C6933
6713,C6934
6714,C6935
6715,C6936
6716,C6937
6717,C6938
6718,C6939
6719,C6940
6720,C6941
6721,C6942
6722,C6944
6723,C6946
6724,C6951
6725,C6952
6726,C6953
6727,C6954
6728,C6955
6729,C6956
6730,C6957
6731,C6958
6732,C6959
6733,C6960
6734,C6961
6735,C6962
6736,C6963
6737,C6964
6738,C6965
6739,C6966
6740,C6967
6741,C6968
6742,C6969
6743,C6970
6744,C6971
6745,C6972
6746,C6973
6747,C6974
6748,C6975
6749,C6976
6750,C6977
6751,C6978
6752,C6979
6753,C6980
6754,C6981
6755,C6982
6756,C6983
6757,C6984
6758,C6985
6759,C6986
6760,C6987
6761,C6988
6762,C6989
6763,C6990
6764,C6991
6765,C6992
6766,C6993
6767,C6994
6768,C6995
6769,C6996
6770,C6997
6771,C6998
6772,C7003
6773,C7004
6774,C7005
6775,C7006
6776,C7007
6777,C7008
6778,C7009
6779,C7010
6780,C7011
6781,C7012
6782,C7013
6783,C7014
6784,C7015
6785,C7016
6786,C7017
6787,C7018
6788,C7019
6789,C7020
6790,C7021
6791,C7022
6792,C7023
6793,C7024
6794,C7025
6795,C7026
6796,C7027
6797,C7028
6798,C7029
6799,C7030
6800,C7031
6801,C7032
6802,C7033
6803,C7034
6804,C7035
6805,C7036
6806,C7037
6807,C7038
6808,C7039
6809,C7043
6810,C7044
6811,C7045
6812,C7046
6813,C7047
6814,C7048
6815,C7049
6816,C7050
6817,C7051
6818,C7052
6819,C7063
6820,C7064
6821,C7065
6822,C7066
6823,C7067
6824,C7068
6825,C7069
6826,C7070
6827,C7071
6828,C7073
6829,C7074
6830,C7075
6831,C7076
6832,C7077
6833,C7078
6834,C7079
6835,C7080
6836,C7081
6837,C7082
6838,C7092
6839,C7093
6840,C7094
6841,C7095
6842,C7096
6843,C7097
6844,C7098
6845,C7099
6846,C7100
6847,C7101
6848,C7102
6849,C7103
6850,C7104
6851,C7105
6852,C7106
6853,C7107
6854,C7108
6855,C7109
6856,C7110
6857,C7111
6858,C7112
6859,C7113
6860,C7114
6861,C7115
6862,C7116
6863,C7117
6864,C7118
6865,C7119
6866,C7120
6867,C7121
6868,C7122
6869,C7123
6870,C7124
6871,C7125
6872,C7126
6873,C7127
6874,C7128
6875,C7129
6876,C7130
6877,C7131
6878,C7132
6879,C7133
6880,C7134
6881,C7135
6882,C7136
6883,C7137
6884,C7138
6885,C7139
6886,C7140
6887,C7141
6888,C7142
6889,C7143
6890,C7144
6891,C7146
6892,C7147
6893,C7148
6894,C7149
6895,C7150
6896,C7151
6897,C7152
6898,C7153
6899,C7154
6900,C7155
6901,C7156
6902,C7157
6903,C7158
6904,C7159
6905,C7160
6906,C7161
6907,C7173
6908,C7174
6909,C7175
6910,C7176
6911,C7177
6912,C7178
6913,C7179
6914,C7180
6915,C7181
6916,C7182
6917,C7188
6918,C7189
6919,C7190
6920,C7191
6921,C7192
6922,C7193
6923,C7194
6924,C7195
6925,C7196
6926,C7197
6927,C7198
6928,C7220
6929,C7221
6930,C7222
6931,C7223
6932,C7224
6933,C7225
6934,C7226
6935,C7227
6936,C7228
6937,C7229
6938,C7230
6939,C7231
6940,C7232
6941,C7233
6942,C7234
6943,C7235
6944,C7236
6945,C7237
6946,C7238
6947,C7239
6948,C7240
6949,C7241
6950,C7242
6951,C7243
6952,C7244
6953,C7245
6954,C7246
6955,C7259
6956,C7260
6957,C7281
6958,C7282
6959,C7283
6960,C7284
6961,C7285
6962,C7286
6963,C7287
6964,C7288
6965,C7289
6966,C7290
6967,C7291
6968,C7292
6969,C7501
6970,C7502
6971,C7503
6972,C7504
6973,C7505
6974,C7506
6975,C7507
6976,C7508
6977,C7509
6978,C7510
6979,C7511
6980,C7512
6981,C7513
6982,C7514
6983,C7515
6984,C7516
6985,C7517
6986,C7518
6987,C7519
6988,C7520
6989,C7521
6990,C7522
6991,C7523
6992,C7524
6993,C7525
6994,C7526
6995,C7527
6996,C7528
6997,C7529
6998,C7530
6999,C7531
7000,C7532
7001,C7533
7002,C7534
7003,C7535
7004,C7536
7005,C7537
7006,C7538
7007,C7539
7008,C7540
7009,C7541
7010,C7542
7011,C7543
7012,C7544
7013,C7545
7014,C7546
7015,C7547
7016,C7548
7017,C7549
7018,C7550
7019,C7551
7020,C7552
7021,C7553
7022,C7554
7023,C7555
7024,C7556
7025,C7557
7026,C7559
7027,C7601
7028,C7602
7029,C7603
7030,C7604
7031,C7605
7032,C7606
7033,C7607
7034,C7608
7035,C7609
7036,C7610
7037,C7611
7038,C7612
7039,C7613
7040,C7614
7041,C7615
7042,C7616
7043,C7617
7044,C7618
7045,C7619
7046,C7620
7047,C7621
7048,C7622
7049,C7623
7050,C7624
7051,C7625
7052,C7626
7053,C7627
7054,C7628
7055,C7629
7056,C7630
7057,C7631
7058,C7632
7059,C7633
7060,C7634
7061,C7635
7062,C7636
7063,C7637
7064,C7638
7065,C7639
7066,C7640
7067,C7641
7068,C7642
7069,C7643
7070,C7644
7071,C7645
7072,C7646
7073,C7647
7074,C7648
7075,C7649
7076,C7650
7077,C7651
7078,C7652
7079,C7653
7080,C7654
7081,C7655
7082,C7656
7083,C7659
7084,C7660
7085,C7661
7086,C7662
7087,C7663
7088,C7664
7089,C7665
7090,C7666
7091,C7667
7092,C7668
7093,C7669
7094,C7670
7095,C7671
7096,C7672
7097,C7673
7098,C7674
7099,C7675
7100,C7676
7101,C7677
7102,C7678
7103,C7679
7104,C7680
7105,C7681
7106,C7682
7107,C7683
7108,C7684
7109,C7685
7110,C7686
7111,C7687
7112,C7688
7113,C7689
7114,C7690
7115,C7691
7116,C7692
7117,C7693
7118,C7694
7119,C7695
7120,C7696
7121,C7697
7122,C7698
7123,C7699
7124,C7700
7125,C7701
7126,C7702
7127,C7703
7128,C7704
7129,C7705
7130,C7706
7131,C7707
7132,C7708
7133,C7709
7134,C7710
7135,C7711
7136,C7712
7137,C7801
7138,C7802
7139,C7803
7140,C7804
7141,C7805
7142,C7806
7143,C7807
7144,C7808
7145,C7809
7146,C7810
7147,C7811
7148,C7812
7149,C7813
7150,C7814
7151,C7815
7152,C7816
7153,C7817
7154,C7818
7155,C7819
7156,C7820
7157,C7821
7158,C7822
7159,C7823
7160,C7824
7161,C7825
7162,C7826
7163,C7827
7164,C7828
7165,C7830
7166,C7831
7167,C7832
7168,C7833
7169,C7834
7170,C7835
7171,C7836
7172,C7837
7173,C7838
7174,C7839
7175,C7840
7176,C7841
7177,C7842
7178,C7843
7179,C7844
7180,C7845
7181,C7846
7182,C7847
7183,C7848
7184,C7850
7185,C7851
7186,C7852
7187,C7853
7188,C7854
7189,C7855
7190,C7856
7191,C7857
7192,C7858
7193,C7859
7194,C7860
7195,C7861
7196,C7862
7197,C7863
7198,C7864
7199,C7865
7200,C7866
7201,C7867
7202,C7868
7203,C7869
7204,C7870
7205,C7871
7206,C7872
7207,C7873
7208,C7874
7209,C7875
7210,C7876
7211,C7877
7212,C7878
7213,C7879
7214,C7880
7215,C7881
7216,C7882
7217,C7883
7218,C7884
7219,C7885
7220,C7886
7221,C7887
7222,C7888
7223,C7889
7224,C7890
7225,C7891
7226,C7892
7227,C7893
7228,C7894
7229,C7895
7230,C7896
7231,C7897
7232,C7898
7233,C8091
7234,C8301
7235,C8302
7236,C8303
7237,C8304
7238,C8306
7239,C8307
7240,C8309
7241,C8312
7242,C8313
7243,C8314
7244,C8315
7245,C8316
7246,C8317
7247,C8318
7248,C8319
7249,C8320
7250,C8501
7251,C8505
7252,C8506
7253,C8507
7254,C8508
7255,C8509
7256,C8510
7257,C8516
7258,C8521
7259,C8522
7260,C8523
7261,C8524
7262,C8525
7263,C8571
7264,C8572
7265,C8574
7266,C8576
7267,C8578
7268,C8661
7269,C8662
7278,Y501
7280,Y502
7282,Y503
7284,Y504
7286,Y509
7287,Y510
7288,Y511
7289,Y512
7290,Y513
7291,Y514
7292,Y531
7293,Y532
7294,Y533
7295,Y534
7296,Y535
7297,Y536
7298,Y667
7299,Y668
7300,Y669
7301,Y670
7314,Y951
7315,Y952
7316,Y953
7317,Y954
7318,Y955
7319,Y956
7320,Y957
7321,Y958
